,Site Name,Article Name,Article Date,Total Article Comments,Article URL,Username,Comments,Responding to,Upvotes,Downvotes,Comments,Offensive?,Targeted?,Individual/Group/other?,Hatespeech?,Misinformation?
0,Breitbart News Network,"Watch: Donna Brazile, Matt Schlapp over Trump’s Attacks on Biden’s Faith",['2020/08/07'],11 comments,https://www.breitbart.com/clips/2020/08/07/watch-donna-brazile-matt-schlapp-over-trumps-attacks-on-bidens-faith/,✦ Björn Free ✦,More  Manufactured Obama/Brazile DNC bullkrap! ,,1,?,More  Manufactured Obama/Brazile DNC bullkrap! ,1,1,2,0,1
1,Breitbart News Network,Harry Reid on Trump’s Mental State: ‘There’s Something Wrong’ — He’s ‘Getti…,['2020/08/07'],35 comments,https://www.breitbart.com/clips/2020/08/07/harry-reid-on-trumps-mental-state-theres-something-wrong-hes-getting-worse/,✦ Björn Free ✦,"THE DNC is mentally, ethically, Spiritually, and Constitutionally DECLINING.........Joe Biden IS definitely YOUR GUY!!!",,3,?,"THE DNC is mentally, ethically, Spiritually, and Constitutionally DECLINING.........Joe Biden IS definitely YOUR GUY!!!",1,1,1 & 2,0,0
2,Breitbart News Network,Louie Gohmert: ‘Trump Derangement Syndrome’ Is Reason Leftist Big Tech Co…,['2020/08/07'],12 comments,https://www.breitbart.com/politics/2020/08/07/louie-gohmert-trump-derangement-syndrome-reason-leftist-big-tech-companies-censor-breitbart-news/,✦ Björn Free ✦,Gates in tandem with doctah Fauci ......are working on their BILLION-$ Kung-Flu Solution.,hey gee,0,0,Gates in tandem with doctah Fauci ......are working on their BILLION-$ Kung-Flu Solution.,1,1,1 & 2,1,1
3,Breitbart News Network,Louie Gohmert: ‘Trump Derangement Syndrome’ Is Reason Leftist Big Tech Co…,['2020/08/07'],12 comments,https://www.breitbart.com/politics/2020/08/07/louie-gohmert-trump-derangement-syndrome-reason-leftist-big-tech-companies-censor-breitbart-news/,✦ Björn Free ✦,"The POWAH of DEEP STATE & NWO is the Reason, Bunkies.",,7,?,"The POWAH of DEEP STATE & NWO is the Reason, Bunkies.",0,0,0,0,1
5,Breitbart News Network,Downward Trend in Daily Coronavirus Case Growth Continues,['2020/08/07'],95 comments,https://www.breitbart.com/politics/2020/08/07/downward-trend-daily-coronavirus-case-growth-continues/,✦ Björn Free ✦,UT-OH! This is not good for Fauci......he could lose millions on his conflict-of-interest vaccine collusion!,,10,?,UT-OH! This is not good for Fauci......he could lose millions on his conflict-of-interest vaccine collusion!,0,0,0,0,1
6,Breitbart News Network,Plaudits Flow as Top Figure in Modern Judaism Dies in Israel,['2020/08/07'],34 comments,https://www.breitbart.com/middle-east/2020/08/07/plaudits-flow-as-top-figure-in-modern-judaism-dies-in-israel/,✦ Björn Free ✦,I pray and cite Genesis 12:3 often with specific citation.Great passage. Thank you for adding Numbers 24:9..I pray continually Psalm 122:6..Keep Looking UP!,ConLawyerII,3,?,I pray and cite Genesis 12:3 often with specific citation.Great passage. Thank you for adding Numbers 24:9..I pray continually Psalm 122:6..Keep Looking UP!,0,0,0,0,0
7,Breitbart News Network,Plaudits Flow as Top Figure in Modern Judaism Dies in Israel,['2020/08/07'],34 comments,https://www.breitbart.com/middle-east/2020/08/07/plaudits-flow-as-top-figure-in-modern-judaism-dies-in-israel/,✦ Björn Free ✦,You as well. I so profoundly love Israel and Jews......my eyes are welling up in tears as I write you. I cannot discuss the topic without choking up and breaking down. It pierces my heart..My Messiah was a Jewish carpenter.,i__Cry,10,?,You as well. I so profoundly love Israel and Jews......my eyes are welling up in tears as I write you. I cannot discuss the topic without choking up and breaking down. It pierces my heart..My Messiah was a Jewish carpenter.,0,0,0,0,0
8,Breitbart News Network,Plaudits Flow as Top Figure in Modern Judaism Dies in Israel,['2020/08/07'],34 comments,https://www.breitbart.com/middle-east/2020/08/07/plaudits-flow-as-top-figure-in-modern-judaism-dies-in-israel/,✦ Björn Free ✦,Thank you. It is easy to see how the Koine Greek would add more texture and less ambiguity to the reading of Scripture..Keep Looking UP!,i__Cry,7,?,Thank you. It is easy to see how the Koine Greek would add more texture and less ambiguity to the reading of Scripture..Keep Looking UP!,0,0,0,0,0
9,Breitbart News Network,Plaudits Flow as Top Figure in Modern Judaism Dies in Israel,['2020/08/07'],34 comments,https://www.breitbart.com/middle-east/2020/08/07/plaudits-flow-as-top-figure-in-modern-judaism-dies-in-israel/,✦ Björn Free ✦,"That sounds more like it. It comports with my reading yesterday - in the Book of Ezra, where the Aramaic was translated into Cyrus' language..Thank you for the clarification! I couldn't believe I was that far off target.Remind me; Hebrew is all consonants? One of the things which fascinates me is that the Septuagint, with a fuller alphabet of vowels and consonants from which to transcribe, would naturally provide an expanded understanding of the texts, and it was transcribed by Jewish scribes which make it wonderful..What a blessing to understand Hebrew!",i__Cry,7,?,"That sounds more like it. It comports with my reading yesterday - in the Book of Ezra, where the Aramaic was translated into Cyrus' language..Thank you for the clarification! I couldn't believe I was that far off target.Remind me; Hebrew is all consonants? One of the things which fascinates me is that the Septuagint, with a fuller alphabet of vowels and consonants from which to transcribe, would naturally provide an expanded understanding of the texts, and it was transcribed by Jewish scribes which make it wonderful..What a blessing to understand Hebrew!",0,0,0,0,0
10,Breitbart News Network,Plaudits Flow as Top Figure in Modern Judaism Dies in Israel,['2020/08/07'],34 comments,https://www.breitbart.com/middle-east/2020/08/07/plaudits-flow-as-top-figure-in-modern-judaism-dies-in-israel/,✦ Björn Free ✦,"As an Evangelical, I always thought that the  original Tanakh was in Hebrew and/or Aramaic. I did not know it was written in ""Babylonian."" .This wonderful scholar is as venerated by me as those who painstakingly transcribed the original manuscripts into Koine Greek and gave the world the Septuagint during the time of King Alexander the Great when Koine Greek ('gutter Greek') which was the international language of commerce at the time - as opposed to the Classic Greek..RIP.",,10,?,"As an Evangelical, I always thought that the  original Tanakh was in Hebrew and/or Aramaic. I did not know it was written in ""Babylonian."" .This wonderful scholar is as venerated by me as those who painstakingly transcribed the original manuscripts into Koine Greek and gave the world the Septuagint during the time of King Alexander the Great when Koine Greek ('gutter Greek') which was the international language of commerce at the time - as opposed to the Classic Greek..RIP.",0,0,0,0,0
11,Breitbart News Network,Pelosi: Trump Is ‘Projecting Himself’ When He Says Biden Is Against God — He Know…,['2020/08/07'],280 comments,https://www.breitbart.com/clips/2020/08/07/pelosi-trump-is-projecting-himself-when-he-says-biden-is-against-god-he-knows-nothing-about-church/,✦ Björn Free ✦,Bella Pelosi is the Queen of Amorality.,,6,?,Bella Pelosi is the Queen of Amorality.,1,1,1,0,0
12,Breitbart News Network,"Kudlow: We’re Drafting Executive Orders, Considering Reemployment Benefits",['2020/08/06'],249 comments,https://www.breitbart.com/clips/2020/08/06/kudlow-were-drafting-executive-orders-considering-reemployment-benefits/,✦ Björn Free ✦,If the schools are closed.....why are student loans needed?,,35,?,If the schools are closed.....why are student loans needed?,0,0,0,0,0
13,Breitbart News Network,Bette Midler: ‘Trump’s Thinking of Something Nuts’ and He May Tweet ‘A D*…,['2020/08/06'],359 comments,https://www.breitbart.com/entertainment/2020/08/06/bette-midler-trumps-thinking-of-something-nuts-and-he-may-tweet-a-dck-pic/,✦ Björn Free ✦,"....fat, dumb, and ugly. (Inside & outside) .....Enjoy your wealth, lovey.",,68,?,"....fat, dumb, and ugly. (Inside & outside) .....Enjoy your wealth, lovey.",1,1,1,0,0
14,Breitbart News Network,Michelle Obama: Coronavirus an Opportunity to Change ‘How Wealth Is D…,['2020/08/06'],6783 comments,https://www.breitbart.com/clips/2020/08/06/michelle-obama-coronavirus-opportunity-to-explore-how-wealth-is-distributed/,✦ Björn Free ✦,"Saul Alinsky's Rules for Radicals # 66.)  ""A good tactic is one that your people enjoy.""",,17,?,"Saul Alinsky's Rules for Radicals # 66.)  ""A good tactic is one that your people enjoy.""",0,0,0,0,0
15,Breitbart News Network,Graham: Sally Yates Testimony a ‘Bad Day for Jim Comey’ — ‘About as Radioactive…,['2020/08/06'],40 comments,https://www.breitbart.com/clips/2020/08/06/graham-sally-yates-testimony-a-bad-day-for-jim-comey-about-as-radioactive-as-you-can-get/,✦ Björn Free ✦,"Oh ya! Here comes Wet-Noodle Lindsey Grahamnasty. ....he's really mad this time, boy!",,10,?,"Oh ya! Here comes Wet-Noodle Lindsey Grahamnasty. ....he's really mad this time, boy!",1,1,1,0,0
16,Breitbart News Network,1 in 4 Vote-by-Mail Ballots Disqualified in New York City Democrat Primary,['2020/08/05'],805 comments,https://www.breitbart.com/politics/2020/08/05/1-in-4-vote-by-mail-ballots-disqualified-in-new-york-city-democrat-primary/,✦ Björn Free ✦,1 in 4 Democrat voters are DEAD.,,22,?,1 in 4 Democrat voters are DEAD.,1,1,2,0,1
17,Breitbart News Network,1 in 4 Vote-by-Mail Ballots Disqualified in New York City Democrat Primary,['2020/08/05'],805 comments,https://www.breitbart.com/politics/2020/08/05/1-in-4-vote-by-mail-ballots-disqualified-in-new-york-city-democrat-primary/,✦ Björn Free ✦,The only way the DNC can win general elections is by FRAUD!,,20,?,The only way the DNC can win general elections is by FRAUD!,1,1,2,0,1
18,Breitbart News Network,Biden Late-Life Crisis: Touts Electric Corvettes While Firing Up Classic Car En…,['2020/08/05'],1285 comments,https://www.breitbart.com/politics/2020/08/05/biden-late-life-crisis-touts-electric-corvettes-while-firing-up-classic-car-engine/,✦ Björn Free ✦,.......'hunter green' corvette. Gotta love the irony.,,202,?,.......'hunter green' corvette. Gotta love the irony.,0,0,0,0,0
19,Breitbart News Network,"Poll: Americans Distrust, Blame Biased Media for Political Division",['2020/08/05'],395 comments,https://www.breitbart.com/the-media/2020/08/05/poll-americans-distrust-blame-biased-media-for-political-division/,✦ Björn Free ✦," The Media, like Democrats, Antifa & BLM are from The Abyss!",,23,?," The Media, like Democrats, Antifa & BLM are from The Abyss!",1,1,2,0,1
20,Breitbart News Network,Gallup: Black Americans Support Police Presence in Communities,['2020/08/05'],670 comments,https://www.breitbart.com/politics/2020/08/05/gallup-black-americans-support-police-presence-communities/,✦ Björn Free ✦,Democrat-runned cities & States are a blight on America.,,11,1,Democrat-runned cities & States are a blight on America.,1,1,2,0,0
21,Breitbart News Network,Gallup: Black Americans Support Police Presence in Communities,['2020/08/05'],670 comments,https://www.breitbart.com/politics/2020/08/05/gallup-black-americans-support-police-presence-communities/,✦ Björn Free ✦,"SO! Why do 90% of BLACKS vote Democrat???_________________________________ edit. Gimmee. Gimmee. Gimmee!!!Take. Take. Take.If Blacks reined in their own community, much of their problem would dissipate.",,14,1,"SO! Why do 90% of BLACKS vote Democrat???_________________________________ edit. Gimmee. Gimmee. Gimmee!!!Take. Take. Take.If Blacks reined in their own community, much of their problem would dissipate.",1,1,2,1,0
23,Breitbart News Network,Donald Trump: Joe Biden Is Whatever Radical Left ‘Tell Him to Be’,['2020/08/05'],84 comments,https://www.breitbart.com/politics/2020/08/05/donald-trump-joe-biden-is-whatever-radical-left-tell-him-to-be/,✦ Björn Free ✦,Joe Biden defines BRAIN FREEZE!,,17,?,Joe Biden defines BRAIN FREEZE!,1,1,1,0,0
24,Breitbart News Network,Navy SEALs Cut Ties with Museum over Colin Kaepernick Video,['2020/08/04'],330 comments,https://www.breitbart.com/sports/2020/08/04/navy-seals-cut-ties-with-museum-over-colin-kaepernick-video/,✦ Björn Free ✦,....I don't think I want that commander of Navy Seals protecting me & my family...........WE do not share the same values.__________________________________________Gawd that was difficult to say!!!!,,23,?,....I don't think I want that commander of Navy Seals protecting me & my family...........WE do not share the same values.__________________________________________Gawd that was difficult to say!!!!,0,0,0,0,0
27,Breitbart News Network,Trump: I Want $600 Unemployment Benefits to Continue,['2020/08/04'],1687 comments,https://www.breitbart.com/clips/2020/08/04/trump-i-want-600-unemployment-benefits-to-continue/,✦ Björn Free ✦,"THIS CONSERVATIVE WANTS TO STOP the MONEY PRINTING PRESS!.....ride now, PAY LATER with inflation, Bunkies!",,21,1,"THIS CONSERVATIVE WANTS TO STOP the MONEY PRINTING PRESS!.....ride now, PAY LATER with inflation, Bunkies!",0,0,0,0,0
28,Breitbart News Network,Trump Campaign Encourages Supporters to Wear Masks: ‘We Have Nothing to Lose’,['2020/08/04'],4860 comments,https://www.breitbart.com/politics/2020/08/04/trump-campaign-encourages-supporters-to-wear-masks-we-have-nothing-to-lose/,✦ Björn Free ✦,1000000000000^ brother!Scientifically: Masks are like throwing RICE at a Tennis Net!,Solomon Says,13,1,1000000000000^ brother!Scientifically: Masks are like throwing RICE at a Tennis Net!,0,0,0,0,1
29,Breitbart News Network,Democrat Donor Ed Buck Charged with Four Additional Felonies,['2020/08/04'],737 comments,https://www.breitbart.com/politics/2020/08/04/democrat-donor-ed-buck-charged-with-four-additional-felonies/,✦ Björn Free ✦,No Harm. No Foul. He's a lofty Democrat. NEXT!,,24,?,No Harm. No Foul. He's a lofty Democrat. NEXT!,0,0,0,0,0
30,Breitbart News Network,"Trump: U.S. Will ‘Probably’ Have Between 4,000 and 5,000 Troops in Afghanistan b…",['2020/08/04'],17 comments,https://www.breitbart.com/clips/2020/08/04/trump-u-s-will-probably-have-between-4000-and-5000-troops-in-afghanistan-by-election-day/,✦ Björn Free ✦,.....I vote for zero-thousand troops.Napalm their poppy fields (the source of their funding),,17,?,.....I vote for zero-thousand troops.Napalm their poppy fields (the source of their funding),1,1,2,0,0
31,Breitbart News Network,Joe Biden Leaves the Basement for Delaware Beach House Getaway,['2020/08/04'],1155 comments,https://www.breitbart.com/politics/2020/08/04/joe-biden-leaves-the-basement-for-delaware-beach-house-getaway/,✦ Björn Free ✦,....if anyone in America needs to take some R & R time......(sarcasm),,20,?,....if anyone in America needs to take some R & R time......(sarcasm),0,0,0,0,0
32,Breitbart News Network,WATCH: Herschel Walker Blasts Pro Sports Leagues for Supporting BLM: Are These t…,['2020/08/03'],1619 comments,https://www.breitbart.com/sports/2020/08/03/watch-herschel-walker-blasts-pro-sports-leagues-for-supporting-blm-are-these-the-people-youre-supporting-now/,✦ Björn Free ✦,"....give me a reason to support the NBA, NFL, MLB, or ANY pro-athlete!America has succumbed to marginally talented quarterbacks .......with a chip on their shoulder....these athletes seem to be either tyrannies,..... anti-American Marxists, or,  pro-China,......ALL are living off the American Capitalist system that they eschew.",,25,?,"....give me a reason to support the NBA, NFL, MLB, or ANY pro-athlete!America has succumbed to marginally talented quarterbacks .......with a chip on their shoulder....these athletes seem to be either tyrannies,..... anti-American Marxists, or,  pro-China,......ALL are living off the American Capitalist system that they eschew.",0,0,0,0,0
33,Breitbart News Network,Washington Football Team DC Jack Del Rio: ‘Not Afraid to Say I Love My Country’,['2020/08/03'],733 comments,https://www.breitbart.com/sports/2020/08/03/washington-football-team-dc-jack-del-rio-not-afraid-to-say-i-love-my-country/,✦ Björn Free ✦,FOOT BALLS of STEEL!,,11,?,FOOT BALLS of STEEL!,0,0,0,0,0
34,Breitbart News Network,"Pence on Cuomo’s Criticisms: His ‘Poor Decisions’ Cost Lives, He’s Praised Trum…",['2020/08/03'],231 comments,https://www.breitbart.com/clips/2020/08/03/pence-on-cuomos-criticisms-his-poor-decisions-cost-lives-hes-praised-trump-in-the-past/,✦ Björn Free ✦,"WHERE are the limp-wristed GOP?.....much less the GOP namby-pamby, indecisive  ""Leaders"".",,37,?,"WHERE are the limp-wristed GOP?.....much less the GOP namby-pamby, indecisive  ""Leaders"".",1,1,2,0,0
35,Breitbart News Network,Charles Hurt: Nadler Calls Riots ‘Myth’ — Then Blames Them on Trump and Barr,['2020/08/03'],3426 comments,https://www.breitbart.com/politics/2020/08/03/charles-hurt-nadler-calls-riots-myth-blames-them-on-trump-barr/,✦ Björn Free ✦,Like the Democrat Myth attracted to the FLAMES.....FLAMES in Portland......FLAMES in Seattle.......FLAMES in Minneapolis........FLAMES in Washington D.C.......,,10,?,Like the Democrat Myth attracted to the FLAMES.....FLAMES in Portland......FLAMES in Seattle.......FLAMES in Minneapolis........FLAMES in Washington D.C.......,0,0,0,0,0
36,Breitbart News Network,"Sean Hannity: Joe Biden Keeps Moving Left, Unlike Previous Democrat Nominees",['2020/08/03'],298 comments,https://www.breitbart.com/radio/2020/08/03/sean-hannity-joe-biden-keeps-moving-left-unlike-previous-democrat-nominees/,✦ Björn Free ✦,....thank you friend. Same.,J.Moore citizenfreepress.com,7,1,....thank you friend. Same.,0,0,0,0,0
37,Breitbart News Network,Massachusetts Court Bans Term ‘Grandfathering’ Due to Racist Past,['2020/08/03'],448 comments,https://www.breitbart.com/politics/2020/08/03/massachusetts-court-bans-term-grandfathering-due-to-racist-past/,✦ Björn Free ✦,ROMNEY's Massachusetts also gave America Obomey-Care,,8,?,ROMNEY's Massachusetts also gave America Obomey-Care,0,0,0,0,0
38,Breitbart News Network,"Sean Hannity: Joe Biden Keeps Moving Left, Unlike Previous Democrat Nominees",['2020/08/03'],298 comments,https://www.breitbart.com/radio/2020/08/03/sean-hannity-joe-biden-keeps-moving-left-unlike-previous-democrat-nominees/,✦ Björn Free ✦,"Yes, but you are vivacious and full of vigor, my friend.......they once said full of vinegar.",Jason Evans,7,1,"Yes, but you are vivacious and full of vigor, my friend.......they once said full of vinegar.",0,0,0,0,0
39,Breitbart News Network,"Sean Hannity: Joe Biden Keeps Moving Left, Unlike Previous Democrat Nominees",['2020/08/03'],298 comments,https://www.breitbart.com/radio/2020/08/03/sean-hannity-joe-biden-keeps-moving-left-unlike-previous-democrat-nominees/,✦ Björn Free ✦,I resemble that! ~ Laurel & Hardy 1928 (my parent's time),Jason Evans,9,1,I resemble that! ~ Laurel & Hardy 1928 (my parent's time),0,0,0,0,0
40,Breitbart News Network,"Sean Hannity: Joe Biden Keeps Moving Left, Unlike Previous Democrat Nominees",['2020/08/03'],298 comments,https://www.breitbart.com/radio/2020/08/03/sean-hannity-joe-biden-keeps-moving-left-unlike-previous-democrat-nominees/,✦ Björn Free ✦,NO!,J.Moore citizenfreepress.com,7,1,NO!,0,0,0,0,0
41,Breitbart News Network,"Sean Hannity: Joe Biden Keeps Moving Left, Unlike Previous Democrat Nominees",['2020/08/03'],298 comments,https://www.breitbart.com/radio/2020/08/03/sean-hannity-joe-biden-keeps-moving-left-unlike-previous-democrat-nominees/,✦ Björn Free ✦,My mistake and I DO humbly apologize.,Jason Evans,9,1,My mistake and I DO humbly apologize.,0,0,0,0,0
42,Breitbart News Network,"Sean Hannity: Joe Biden Keeps Moving Left, Unlike Previous Democrat Nominees",['2020/08/03'],298 comments,https://www.breitbart.com/radio/2020/08/03/sean-hannity-joe-biden-keeps-moving-left-unlike-previous-democrat-nominees/,✦ Björn Free ✦,I voted you and your TAG-TEAM friend down because you bump your own comment. THEN others must do the same to keep the queue FAIR to me and others..I don't watch TV.,Jason Evans,9,3,I voted you and your TAG-TEAM friend down because you bump your own comment. THEN others must do the same to keep the queue FAIR to me and others..I don't watch TV.,0,0,0,0,0
43,Breitbart News Network,"Sean Hannity: Joe Biden Keeps Moving Left, Unlike Previous Democrat Nominees",['2020/08/03'],298 comments,https://www.breitbart.com/radio/2020/08/03/sean-hannity-joe-biden-keeps-moving-left-unlike-previous-democrat-nominees/,✦ Björn Free ✦,~Joe Biden Keeps Moving SOUTH through his basement floor slats.....,,10,2,~Joe Biden Keeps Moving SOUTH through his basement floor slats.....,0,0,0,0,0
47,Breitbart News Network,NBC’s Todd: Trump’s ‘Un-American’ Election Delay Suggestion Exposes His ‘D…,['2020/08/02'],942 comments,https://www.breitbart.com/clips/2020/08/02/nbcs-todd-trumps-un-american-election-delay-suggestion-exposes-his-desperation/,✦ Björn Free ✦,NO ONE DELAYED THE 2020 ELECTION.....fool.President Donald J. Trump played you as artfully as a Stradivarius!.edit: In a fair election Donald J. Magnimous Wins in a LANDSLIDE!,,17,?,NO ONE DELAYED THE 2020 ELECTION.....fool.President Donald J. Trump played you as artfully as a Stradivarius!.edit: In a fair election Donald J. Magnimous Wins in a LANDSLIDE!,0,0,0,0,0
49,Breitbart News Network,Exclusive – Election Interference: McCarthy Warns Google Using ‘Tremendous Amou…,['2020/08/02'],1729 comments,https://www.breitbart.com/politics/2020/08/02/exclusive-election-interference-mccarthy-warns-google-using-tremendous-amount-of-power-to-influence-what-people-think-or-see/,✦ Björn Free ✦,SO PROVE to us that you ain't Paul RYNO II !!!,,9,?,SO PROVE to us that you ain't Paul RYNO II !!!,0,0,0,0,0
50,Breitbart News Network,Metta World Peace Says ‘Ain’t No Way’ He would Kneel During National Anthem,['2020/08/02'],84 comments,https://www.breitbart.com/sports/2020/08/02/metta-world-peace-says-aint-no-way-he-would-kneel-during-national-anthem/,✦ Björn Free ✦,"""Former NBA great, Metta World Peace""???WHO? With a name like that, I think I would have remembered him.",hey gee,5,?,"""Former NBA great, Metta World Peace""???WHO? With a name like that, I think I would have remembered him.",0,0,0,0,0
54,Breitbart News Network,Firm Owned by Joe Biden’s Son-in-Law Benefited from Upwards of $350K in PPP…,['2020/08/01'],529 comments,https://www.breitbart.com/2020-election/2020/08/01/bidens-son-in-law-benefited-upwards-350k-in-ppp-loans/,✦ Björn Free ✦,....who would have GUESSED?.Life is full of crazy surprises.,,15,?,....who would have GUESSED?.Life is full of crazy surprises.,0,0,0,0,0
55,Breitbart News Network,Firm Owned by Joe Biden’s Son-in-Law Benefited from Upwards of $350K in PPP…,['2020/08/01'],529 comments,https://www.breitbart.com/2020-election/2020/08/01/bidens-son-in-law-benefited-upwards-350k-in-ppp-loans/,✦ Björn Free ✦,Imagine Dat!....WHO gnu?,,73,?,Imagine Dat!....WHO gnu?,0,0,0,0,0
56,The Gateway Pundit,$100 Fine: Gatherings of More Than Three People on Sidewalks Banned in DC Subu…,['2020/08/10'],200 comments,https://www.thegatewaypundit.com/2020/08/100-fine-gatherings-three-people-sidewalks-banned-dc-suburb-arlington-county-va-coronavirus-concerns/,✦ Björn Free ✦,"RIOTERS, LOOTERS, THUGS & BLACK MARXIST FUNERAL-GOERS...........get a free-pass.",,20,?,"RIOTERS, LOOTERS, THUGS & BLACK MARXIST FUNERAL-GOERS...........get a free-pass.",0,0,0,0,0
57,Breitbart News Network,Border Patrol Chief: Agents in Portland Faced ‘Direct and Immediate Threat of B…,['2020/08/01'],974 comments,https://www.breitbart.com/clips/2020/08/01/border-patrol-chief-agents-in-portland-faced-direct-and-immediate-threat-of-being-burnt-alive-for-two-months/,✦ Björn Free ✦,"Leslie Nielsen: ""Nothing to See Here!""~The Naked Gun! 1988",,18,?,"Leslie Nielsen: ""Nothing to See Here!""~The Naked Gun! 1988",0,0,0,0,0
58,Breitbart News Network,Poll: 9 of 10 Americans Wearing Masks in Public,['2020/08/01'],4048 comments,https://www.breitbart.com/health/2020/08/01/poll-9-10-americans-wearing-masks-public/,✦ Björn Free ✦,....it reminds us who OWNS us & CONTROLS us! :(,,11,?,....it reminds us who OWNS us & CONTROLS us! :(,0,0,0,0,0
59,Breitbart News Network,"Atlanta Reverend Inserts John Lewis in Isaiah 53: ‘By His Stripes, We Are Healed’",['2020/07/31'],98 comments,https://www.breitbart.com/faith/2020/07/31/atlanta-reverend-inserts-john-lewis-in-isaiah-53-by-his-stripes-we-are-healed/,✦ Björn Free ✦,"Psalm 14:1  The fool says in his heart,""there is no God.""",Ann Nonomust,10,?,"Psalm 14:1  The fool says in his heart,""there is no God.""",0,0,0,0,0
60,Breitbart News Network,"Atlanta Reverend Inserts John Lewis in Isaiah 53: ‘By His Stripes, We Are Healed’",['2020/07/31'],98 comments,https://www.breitbart.com/faith/2020/07/31/atlanta-reverend-inserts-john-lewis-in-isaiah-53-by-his-stripes-we-are-healed/,✦ Björn Free ✦,"....may the LORD of the Bible deal with you, sir.",,30,?,"....may the LORD of the Bible deal with you, sir.",0,0,0,0,0
61,Breitbart News Network,"Breitbart News Appeals Twitter Account Suspension, ‘Review’ Drags Out Beyond…",['2020/07/30'],2962 comments,https://www.breitbart.com/tech/2020/07/30/breitbart-news-appeals-twitter-account-suspension-review-drags-out-beyond-48-hours/,✦ Björn Free ✦,FIND ANOTHER OUTLET!!!!...Invent your own venue.....don't be a prisoner!,,19,2,FIND ANOTHER OUTLET!!!!...Invent your own venue.....don't be a prisoner!,0,0,0,0,0
62,Breitbart News Network,Montana Sheriff: Steve Bullock with ‘Liberal Mob’ on Defunding Police,['2020/07/30'],255 comments,https://www.breitbart.com/politics/2020/07/30/montana-sheriff-steve-bullock-liberal-mob-defunding-police/,✦ Björn Free ✦,WHY? Do Democrats Want to Abolish LEO's? (Law Enforcement Officers).....because Democrats are defiant and they defy the LAW!,,16,?,WHY? Do Democrats Want to Abolish LEO's? (Law Enforcement Officers).....because Democrats are defiant and they defy the LAW!,0,0,0,0,1
63,Breitbart News Network,Hollywood Hammers Trump for Floating Delaying the Election: ‘Dictators Do This’,['2020/07/30'],1088 comments,https://www.breitbart.com/entertainment/2020/07/30/hollywood-hammers-trump-for-floating-delaying-the-election-dictators-do-this/,✦ Björn Free ✦,TRUMP PLAYS HOLLYWOOD!,,20,?,TRUMP PLAYS HOLLYWOOD!,0,0,0,0,0
65,Breitbart News Network,Change Research Poll: Trump Narrows the Gap in Battleground States,['2020/07/29'],869 comments,https://www.breitbart.com/2020-election/2020/07/29/change-research-poll-trump-narrows-gap-battleground-states/,✦ Björn Free ✦,2016 Poll:  Trump Loses in a Landslide to Hillary!!!,,19,?,2016 Poll:  Trump Loses in a Landslide to Hillary!!!,0,0,0,0,0
66,Breitbart News Network,California Sues Trump to Inflate Its Power in Congress via Illegal Migration,['2020/07/29'],808 comments,https://www.breitbart.com/politics/2020/07/29/california-sues-trump-to-inflate-its-power-in-congress-via-illegal-migration/,✦ Björn Free ✦,"DEMOCRATS only WIN when they cheat, .......& subvert the LAW.............or, circumvent the U.S. Constitution.",,24,?,"DEMOCRATS only WIN when they cheat, .......& subvert the LAW.............or, circumvent the U.S. Constitution.",1,1,2,0,1
67,Breitbart News Network,"Trump’s DACA Extension Buys Time for Him, Immigration Reformers Say",['2020/07/29'],13 comments,https://www.breitbart.com/politics/2020/07/29/trumps-daca-extension-buys-time-for-him-immigration-reformers-say/,✦ Björn Free ✦,"DACA is CACA.Words once meant things..ILLEGAL once meant illegal..As recently as 2016 MAGA meant .....""Make America Great Again!",,22,?,"DACA is CACA.Words once meant things..ILLEGAL once meant illegal..As recently as 2016 MAGA meant .....""Make America Great Again!",0,0,0,0,0
68,Breitbart News Network,"Trump: Fox News ‘Not Even Watchable,’ Unrecognizable from 4 Years Ago",['2020/07/29'],2488 comments,https://www.breitbart.com/politics/2020/07/29/trump-fox-news-not-even-watchable-unrecognizable-from-4-years-ago/,✦ Björn Free ✦,FOX has become a pox on Conservativism.Hannity is SO tedious and repetitious. Ingraham (whom I met) is nasty.gawd help us.,,16,2,FOX has become a pox on Conservativism.Hannity is SO tedious and repetitious. Ingraham (whom I met) is nasty.gawd help us.,1,1,2,0,0
69,Breitbart News Network,Watch: House Minority Leader McCarthy Accidentally Calls Rep. Gohmert ‘Congre…,['2020/07/29'],318 comments,https://www.breitbart.com/clips/2020/07/29/watch-house-minority-leader-mccarthy-accidentally-calls-rep-gohmert-congressman-covid/,✦ Björn Free ✦,"McCarthy is another ambitious calculating RINO......he's too oily, slithering & slick to make mistakes.",,67,?,"McCarthy is another ambitious calculating RINO......he's too oily, slithering & slick to make mistakes.",1,1,1,0,0
70,Breitbart News Network,Matt Gaetz: Google Using ‘Market Dominance’ in Search to Engage in ‘Elect…,['2020/07/29'],3133 comments,https://www.breitbart.com/politics/2020/07/29/matt-gaetz-google-using-market-dominance-in-search-to-engage-in-election-interference/,✦ Björn Free ✦,BUST GOOGLE!dammit!,,22,?,BUST GOOGLE!dammit!,0,0,0,0,0
71,Breitbart News Network,Jim Jordan Cites Censorship of Breitbart News as One Reason Big Tech ‘Is Out to G…,['2020/07/29'],763 comments,https://www.breitbart.com/politics/2020/07/29/jim-jordan-big-tech-is-out-to-get-conservatives/,✦ Björn Free ✦,HEY! BREITBART!.I must bump my own posts (at first) to get a fair shake on your roster's queue.. Kettle calling the Pot BLACK??,,12,1,HEY! BREITBART!.I must bump my own posts (at first) to get a fair shake on your roster's queue.. Kettle calling the Pot BLACK??,0,0,0,0,0
73,Breitbart News Network,Michigan Bed and Breakfast Removes Norwegian Flag After Confusion with Co…,['2020/07/29'],63 comments,https://www.breitbart.com/politics/2020/07/29/michigan-bed-and-breakfast-removes-norwegian-flag-after-confusion-with-confederate-flag/,✦ Björn Free ✦,America is ceding our LIBERTY to the ANGRY & Ignorant LEFT!.GOP Congress.......crickets!,,22,?,America is ceding our LIBERTY to the ANGRY & Ignorant LEFT!.GOP Congress.......crickets!,1,1,2,0,0
74,Breitbart News Network,"Tim Cook Claims Apple Treats ‘Every Developer the Same,’ but Has Banned Co…",['2020/07/29'],399 comments,https://www.breitbart.com/tech/2020/07/29/tim-cook-claims-apple-treats-every-developer-the-same-but-has-banned-conservative-apps/,✦ Björn Free ✦,"Apple's Tim Cook:.....Great Analogy to The Original Tech Sin!. ""Don't bite the Apple""",,11,?,"Apple's Tim Cook:.....Great Analogy to The Original Tech Sin!. ""Don't bite the Apple""",0,0,0,0,0
75,Breitbart News Network,Dr. Kelli Ward: ‘Sickening’ that Big Tech Is Trying to ‘Tip the Scales of the 2020 Elec…,['2020/07/29'],35 comments,https://www.breitbart.com/politics/2020/07/29/dr-kelli-ward-it-is-sickening-that-big-tech-is-partnering-democrats-tip-scales-2020-election/,✦ Björn Free ✦,The Left are a Medusa's Head of catatonic hatred.,,20,?,The Left are a Medusa's Head of catatonic hatred.,1,1,2,0,0
76,Breitbart News Network,Tisha B’Av: Jewish Holiday Mourns National Destruction,['2020/07/29'],9 comments,https://www.breitbart.com/faith/2020/07/29/tisha-bav-jewish-holiday-mourns-national-destruction/,✦ Björn Free ✦,Genesis 12:3amen.,,7,?,Genesis 12:3amen.,0,0,0,0,0
77,Breitbart News Network,Dr. Simone Gold: Squarespace Shuts Down America’s Frontline Doctors Website,['2020/07/28'],3396 comments,https://www.breitbart.com/tech/2020/07/28/dr-simone-gold-squarespace-shuts-down-americas-frontline-doctors-website/,✦ Björn Free ✦,"My SIL sent me MAGA hats in 2016 from Amazon.com....my Amazon rating had been between 1200 & 3000 for TEN YEARS!.I began bleeding rating points after receipt of Trump gear from Amazon..Today, my Amazon reviewer rating is more than TWO MILLION!",RightLane1111,6,?,"My SIL sent me MAGA hats in 2016 from Amazon.com....my Amazon rating had been between 1200 & 3000 for TEN YEARS!.I began bleeding rating points after receipt of Trump gear from Amazon..Today, my Amazon reviewer rating is more than TWO MILLION!",0,0,0,0,0
78,Breitbart News Network,NFL to Display Social Justice Messages in End Zones,['2020/07/28'],291 comments,https://www.breitbart.com/sports/2020/07/28/nfl-to-display-social-justice-messages-in-end-zones/,✦ Björn Free ✦,~WHAT in the WORLD would the NFL do without racist White quarterbacks???,,17,?,~WHAT in the WORLD would the NFL do without racist White quarterbacks???,1,1,2,0,0
79,Breitbart News Network,GOP Rejects Rubio’s Stimulus Checks for Americans Married to Illegal Aliens,['2020/07/28'],272 comments,https://www.breitbart.com/politics/2020/07/28/gop-rejects-rubios-stimulus-checks-for-americans-married-to-illegal-aliens/,✦ Björn Free ✦,Rubio! You have small anti-Trump hands.,,11,?,Rubio! You have small anti-Trump hands.,1,1,1,0,0
80,Breitbart News Network,Barr Tells Florida Democrat He Won’t Commit to Delaying Release of Durham…,['2020/07/28'],301 comments,https://www.breitbart.com/politics/2020/07/28/barr-tells-florida-democrat-he-wont-commit-to-delaying-release-of-durham-russia-report-until-after-election/,✦ Björn Free ✦,Durham Schmuran. ALL Kabuki Smoke. NO ACTION.....Lucy and the smokin' football..All Political Theatre..50-years of this kabuki bull krap!,,16,?,Durham Schmuran. ALL Kabuki Smoke. NO ACTION.....Lucy and the smokin' football..All Political Theatre..50-years of this kabuki bull krap!,1,1,1,0,0
81,Breitbart News Network,Rubio: Passing COVID-19 Relief ‘Not Going to Be Easy’ — ‘But We’ll Get There’,['2020/07/28'],13 comments,https://www.breitbart.com/clips/2020/07/28/rubio-passing-covid-19-relief-not-going-to-be-easy-but-well-get-there/,✦ Björn Free ✦,"Senator Rubio: Respectfully, Go Sit & Spin on Your 'Small' Loser RINO Thumbs!",,9,?,"Senator Rubio: Respectfully, Go Sit & Spin on Your 'Small' Loser RINO Thumbs!",1,1,1,0,0
82,Breitbart News Network,"MSNBC’s Katyal: Barr Was Partisan, Evasive, Selective — ‘Really Sad Day for t…",['2020/07/28'],46 comments,https://www.breitbart.com/clips/2020/07/28/msnbcs-katyal-barr-was-partisan-evasive-selective-really-sad-day-for-the-justice-department/,✦ Björn Free ✦,Apparently the LEFT do not own a Full Length Mirror.Marxist Dialectical Materialism as perfected by Alynsky:.~ Accuse your enemy of YOUR tactic against them!,,7,?,Apparently the LEFT do not own a Full Length Mirror.Marxist Dialectical Materialism as perfected by Alynsky:.~ Accuse your enemy of YOUR tactic against them!,1,1,1,0,0
83,Breitbart News Network,Jerry Nadler’s Mask Meltdown: ‘Stop Violating the Safety of the Members of th…,['2020/07/28'],1190 comments,https://www.breitbart.com/clips/2020/07/28/jerry-nadlers-mask-meltdown-stop-violating-the-safety-of-the-members-of-the-committee/,✦ Björn Free ✦,Nadler needs a muzzle not a mask. MSM are his true mask.,,11,?,Nadler needs a muzzle not a mask. MSM are his true mask.,1,1,1,0,0
85,Breitbart News Network,Sports Illustrated Features ‘Curviest Model Ever’ in 2020 Swimsuit Issue,['2020/07/27'],5584 comments,https://www.breitbart.com/sports/2020/07/27/sports-illustrated-features-curviest-model-ever-in-2020-swimsuit-issue/,✦ Björn Free ✦,~ Her biceps are the size of my thighs!,Spurius Hostilius Bibulus,7,?,~ Her biceps are the size of my thighs!,0,0,0,0,0
86,Breitbart News Network,Widow of Slain Massachusetts Officer Calls Police Reform Bill a ‘Personal Attack’,['2020/07/27'],41 comments,https://www.breitbart.com/crime/2020/07/27/widow-of-slain-massachusetts-officer-calls-police-reform-bill-a-personal-attack/,✦ Björn Free ✦,LEO's and Law Enforcement are vilified..................BECAUSE the GOP-establishment (Deep-State).................SIT on their FAT THUMBS & SPIN!,,13,?,LEO's and Law Enforcement are vilified..................BECAUSE the GOP-establishment (Deep-State).................SIT on their FAT THUMBS & SPIN!,1,1,2,0,0
87,Breitbart News Network,Illegal Aliens Sue Trump to Restart Obama’s DACA Program,['2020/07/27'],158 comments,https://www.breitbart.com/politics/2020/07/27/illegal-aliens-sue-trump-to-restart-obamas-daca-program/,✦ Björn Free ✦,ILLEGALS suing The American President!?.....isn't that precious?,,72,?,ILLEGALS suing The American President!?.....isn't that precious?,1,1,2,0,0
88,Breitbart News Network,"Joe Biden: Women ‘Have Never Had a Fair Shot to Get Ahead,’ Especially Minorities",['2020/07/27'],3604 comments,https://www.breitbart.com/2020-election/2020/07/27/joe-biden-women-have-never-had-a-fair-shot-to-get-ahead-especially-minorities/,✦ Björn Free ✦,......says America's #ONE  Woman's Hair SNIFFER!,,17,?,......says America's #ONE  Woman's Hair SNIFFER!,1,1,1,0,0
89,Breitbart News Network,Watch–Emergency Room Doctor: ‘We Are Not Overwhelming the Health Care Syst…,['2020/07/27'],810 comments,https://www.breitbart.com/politics/2020/07/27/watch-emergency-room-doctor-we-are-not-overwhelming-the-health-care-system/,✦ Björn Free ✦,"Fauci politically screwed-up America's AIDS response....Dr. Fauci  is being aided and abetted to do the same POLITICAL response with.........the CHINESE virus..President Donald Trump, respectfully....FIRE your DEEP STATE!",,24,?,"Fauci politically screwed-up America's AIDS response....Dr. Fauci  is being aided and abetted to do the same POLITICAL response with.........the CHINESE virus..President Donald Trump, respectfully....FIRE your DEEP STATE!",1,1,1,0,1
90,Breitbart News Network,At Least Three Florida Democrat Party Staffers Criticized Police in Recent Months,['2020/07/26'],85 comments,https://www.breitbart.com/politics/2020/07/26/three-florida-democrat-party-staffers-criticized-police-recent-months/,✦ Björn Free ✦,~ Florida Democrats hate Accountability!,,13,?,~ Florida Democrats hate Accountability!,1,1,2,0,0
91,Breitbart News Network,"Louie Gohmert: In a War for America’s Future, ‘You Got to Fight Back’",['2020/07/26'],929 comments,https://www.breitbart.com/radio/2020/07/26/louie-gohmert-war-americas-future-you-got-fight-back/,✦ Björn Free ✦,WHERE'S the FRICKING Executive ORDERS? .....to protect Trump voters! .We cannot even wear a MAGA hat without being killed.dammit,,156,4,WHERE'S the FRICKING Executive ORDERS? .....to protect Trump voters! .We cannot even wear a MAGA hat without being killed.dammit,0,0,0,0,0
93,Breitbart News Network,Obama HUD Sec. Shaun Donovan Defends Obama Housing Rules to Diversify Suburbs,['2020/07/26'],873 comments,https://www.breitbart.com/politics/2020/07/26/obama-hud-sec-shaun-donovan-defends-obama-housing-rules-diversify-suburbs/,✦ Björn Free ✦,"What ""Systemic Racism""?OBAMA Hated America & Blacks!.edit: Shaun Donovan was appointed by Barack HUSSAIN Obama.....also Bill Clinton and Michael Bloomberg. (do the math!)",,15,?,"What ""Systemic Racism""?OBAMA Hated America & Blacks!.edit: Shaun Donovan was appointed by Barack HUSSAIN Obama.....also Bill Clinton and Michael Bloomberg. (do the math!)",1,1,1,1,1
97,Breitbart News Network,WATCH – WWII Vet Dying of Cancer Greets People with American Flag Every Day: ‘T…,['2020/07/25'],1879 comments,https://www.breitbart.com/health/2020/07/25/watch-wwii-vet-dying-of-cancer-greets-people-with-american-flag-every-day-this-is-what-i-fought-for/,✦ Björn Free ✦,.........and having to wear the DEMOCRAT FEAR Mask!.GOD love you dear patriot!,,25,?,.........and having to wear the DEMOCRAT FEAR Mask!.GOD love you dear patriot!,0,0,0,0,0
99,Breitbart News Network,Brooks: ‘This Is Not the Time’ for Fiscal Discipline,['2020/07/25'],117 comments,https://www.breitbart.com/clips/2020/07/25/brooks-this-is-not-the-time-for-fiscal-discipline/,✦ Björn Free ✦,as Democrats lay on the Congress floor KICKING & protesting.,,7,?,as Democrats lay on the Congress floor KICKING & protesting.,1,1,2,0,0
102,Breitbart News Network,Kanye West: ‘I Can Beat Biden Off Of Write-Ins’,['2020/07/25'],607 comments,https://www.breitbart.com/entertainment/2020/07/25/kanye-west-i-can-beat-biden-off-of-write-ins/,✦ Björn Free ✦,LOONEY Kanye is 'saner' than Joe Biden.,,14,1,LOONEY Kanye is 'saner' than Joe Biden.,1,1,1,0,0
103,Breitbart News Network,Kanye West: ‘I Can Beat Biden Off Of Write-Ins’,['2020/07/25'],607 comments,https://www.breitbart.com/entertainment/2020/07/25/kanye-west-i-can-beat-biden-off-of-write-ins/,✦ Björn Free ✦,MONEY BUYS DEMOCRAT VOTES.........especially against a primary candidate who has dementia.,,10,?,MONEY BUYS DEMOCRAT VOTES.........especially against a primary candidate who has dementia.,1,1,1,0,1
104,Breitbart News Network,Federal Officers in Portland May Have Permanent Eye Damage After Protesters…,['2020/07/25'],872 comments,https://www.breitbart.com/politics/2020/07/25/federal-officers-in-portland-may-have-permanent-eye-damage-after-protesters-shine-lasers-in-their-faces/,✦ Björn Free ✦,PRESIDENT DONALD TRUMP..............~America NEEDS your 'EXECUTIVE PEN' {& your FONE} here!.....your voters fear simply answering pollsters.......... and/or wearing a damned MAGA hat for gawd's sake!!!.Stop this lawless intimidation of your supporters!!!,,13,?,PRESIDENT DONALD TRUMP..............~America NEEDS your 'EXECUTIVE PEN' {& your FONE} here!.....your voters fear simply answering pollsters.......... and/or wearing a damned MAGA hat for gawd's sake!!!.Stop this lawless intimidation of your supporters!!!,0,0,0,0,0
105,Breitbart News Network,California Churches Defy Gavin Newsom’s Lockdown Order: Christ Is Head of the C…,['2020/07/25'],1143 comments,https://www.breitbart.com/politics/2020/07/25/california-churches-defy-gov-newsoms-lockdown-order-christ-head-church/,✦ Björn Free ✦,I love expository based on sound hermeneutics..Onward Christian soldiers.To GOD be the Glory!,,20,?,I love expository based on sound hermeneutics..Onward Christian soldiers.To GOD be the Glory!,0,0,0,0,0
106,Breitbart News Network,FNC’s Carlson: ‘The Mobs Will Not Stop with Christopher Columbus’ — How…,['2020/07/24'],1792 comments,https://www.breitbart.com/clips/2020/07/24/fncs-carlson-the-mobs-will-not-stop-with-christopher-columbus-how-long-before-they-tear-down-buildings-homes-human-beings/,✦ Björn Free ✦,TWO STEPS FORWARD.........where the heck is OUR side?,,20,?,TWO STEPS FORWARD.........where the heck is OUR side?,0,0,0,0,0
107,Breitbart News Network,Cuomo: Nursing Home Policy Criticism Is ‘All Politics’,['2020/07/24'],2206 comments,https://www.breitbart.com/clips/2020/07/24/cuomo-nursing-home-policy-criticism-is-all-politics/,✦ Björn Free ✦,YOU SLIME BALL!...tell that to the thousands of families who lost their beloved family member.......because of YOUR malfeasance.,,21,?,YOU SLIME BALL!...tell that to the thousands of families who lost their beloved family member.......because of YOUR malfeasance.,1,1,1,0,0
108,Breitbart News Network,ACLU Sues to Get Illegal Aliens Counted in Congressional Apportionment,['2020/07/24'],2207 comments,https://www.breitbart.com/politics/2020/07/24/aclu-sues-illegal-aliens-counted-congressional-apportionment/,✦ Björn Free ✦,.....ILLEGAL is non-existent in the ACLU's vocabulary.,,10,?,.....ILLEGAL is non-existent in the ACLU's vocabulary.,1,1,2,0,0
109,Breitbart News Network,Ilhan Omar: ‘Offensive’ Yoho ‘Used His Wife and Daughters’ in His Apology,['2020/07/24'],1864 comments,https://www.breitbart.com/clips/2020/07/24/ilhan-omar-offensive-yoho-used-his-wife-and-daughters-in-his-apology/,✦ Björn Free ✦,.....says the paragon of virtue who married her own brother.........just to evade and vex the American immigration law.,,19,?,.....says the paragon of virtue who married her own brother.........just to evade and vex the American immigration law.,1,1,1,0,1
110,Breitbart News Network,Covington Teen Nicholas Sandmann Settles $250M Defamation Lawsuit with…,['2020/07/24'],990 comments,https://www.breitbart.com/politics/2020/07/24/covington-teen-sandmann-settles-lawsuit-washington-post/,✦ Björn Free ✦,.............the LAST LAUGH!!!!,,13,?,.............the LAST LAUGH!!!!,0,0,0,0,0
111,Breitbart News Network,Catholic Hospital Hit with Transgender Discrimination Lawsuit,['2020/07/24'],470 comments,https://www.breitbart.com/politics/2020/07/24/catholic-hospital-hit-transgender-discrimination-lawsuit/,✦ Björn Free ✦," It SHOULD be a simple .....SCIENTIFIC XY sex gene (chromosome) determination system!_____________________________________edit: Ya either have a Y-chromosome - or, ya don't.",,22,?," It SHOULD be a simple .....SCIENTIFIC XY sex gene (chromosome) determination system!_____________________________________edit: Ya either have a Y-chromosome - or, ya don't.",0,0,0,0,0
112,Breitbart News Network,"Trump: No ‘Big, Crowded’ Republican National Convention in Jacksonville This…",['2020/07/23'],4253 comments,https://www.breitbart.com/politics/2020/07/23/trump-no-big-crowded-republican-national-convention-this-year/,✦ Björn Free ✦,LOL!,hey gee,17,1,LOL!,0,0,0,0,0
115,Breitbart News Network,Indiana Sheriff’s Office Will Not Enforce Governor’s Mask Order: We Will Enforce t…,['2020/07/23'],111 comments,https://www.breitbart.com/politics/2020/07/23/indiana-sheriffs-office-will-not-enforce-governors-mask-order-we-will-enforce-the-law-as-guided-by-the-constitution/,✦ Björn Free ✦,~Halleluiahs!.These masks play right into the DNC/MSM code of FEAR!,,16,?,~Halleluiahs!.These masks play right into the DNC/MSM code of FEAR!,1,1,2,0,0
116,Breitbart News Network,"Durham, NC’s ‘Racial Equity Task Force’ Urges Creation of Reparations Fund",['2020/07/23'],251 comments,https://www.breitbart.com/politics/2020/07/23/durham-ncs-racial-equity-task-force-urges-creation-of-reparations-fund/,✦ Björn Free ✦,"The LEFT: Ten Steps Forward.The GOP: ""Well Okay, as long as you like me!""",,15,?,"The LEFT: Ten Steps Forward.The GOP: ""Well Okay, as long as you like me!""",0,0,0,0,0
117,Breitbart News Network,"‘Divisive, Short-Fingered Vulgarian’: Never Trumpers Comprise Tennessee’s Manny…",['2020/07/22'],414 comments,https://www.breitbart.com/politics/2020/07/22/divisive-short-fingered-vulgarian-never-trumpers-comprise-tennessees-manny-sethi-entire-senior-campaign-staff/,✦ Björn Free ✦,"....sorry bud, I am an Evangelical with a profound LOVE of Israel and Jews! My Messiah was a Jewish Carpenter..Go peddle your anti-Semitic hatred some place else.",benitoX,16,?,"....sorry bud, I am an Evangelical with a profound LOVE of Israel and Jews! My Messiah was a Jewish Carpenter..Go peddle your anti-Semitic hatred some place else.",1,1,1,0,0
118,Breitbart News Network,Merkley: Trump Has Now Brought ‘Secret Police’ Authoritarian Tactics to the Stree…,['2020/07/22'],39 comments,https://www.breitbart.com/clips/2020/07/22/merkley-trump-has-now-brought-secret-police-authoritarian-tactics-to-the-streets-of-our-country/,✦ Björn Free ✦,OMG!!! The anarchists have been torching American cities for 40-plus days........and some semblance to return to law & order is rebuffed as 'authoritarian tactic'?.good gawd!,,29,?,OMG!!! The anarchists have been torching American cities for 40-plus days........and some semblance to return to law & order is rebuffed as 'authoritarian tactic'?.good gawd!,1,1,2,0,0
119,Breitbart News Network,"MLB Allows Black Lives Matter, Social Justice Jersey Patches",['2020/07/22'],1669 comments,https://www.breitbart.com/sports/2020/07/22/mlb-allows-black-lives-matter-social-justice-jersey-patches/,✦ Björn Free ✦,Next the MLB will be doing free-commercial spots for neutering your pets!,,12,?,Next the MLB will be doing free-commercial spots for neutering your pets!,1,1,2,0,0
120,Breitbart News Network,Poll: Joe Biden Leads Donald Trump by Four Points in Ohio,['2020/07/22'],375 comments,https://www.breitbart.com/politics/2020/07/22/poll-joe-biden-leads-donald-trump-by-four-points-in-ohio/,✦ Björn Free ✦,"2016 POLL: ""~ Hillary Clinton lead's Donald Trump... .....in a LANDSLIDE VICTORY!""",,13,?,"2016 POLL: ""~ Hillary Clinton lead's Donald Trump... .....in a LANDSLIDE VICTORY!""",0,0,0,0,0
121,Breitbart News Network,"‘Divisive, Short-Fingered Vulgarian’: Never Trumpers Comprise Tennessee’s Manny…",['2020/07/22'],414 comments,https://www.breitbart.com/politics/2020/07/22/divisive-short-fingered-vulgarian-never-trumpers-comprise-tennessees-manny-sethi-entire-senior-campaign-staff/,✦ Björn Free ✦,NO!...there were other alternatives before Rubio won the primary!,Keep Truckin',13,?,NO!...there were other alternatives before Rubio won the primary!,0,0,0,0,0
122,Breitbart News Network,"‘Divisive, Short-Fingered Vulgarian’: Never Trumpers Comprise Tennessee’s Manny…",['2020/07/22'],414 comments,https://www.breitbart.com/politics/2020/07/22/divisive-short-fingered-vulgarian-never-trumpers-comprise-tennessees-manny-sethi-entire-senior-campaign-staff/,✦ Björn Free ✦,".....ARE YOU LISTENING, MARK LEVIN????......YOU GAVE us MARCO RUBIO..DO your due diligences before impulsively endorsing an UNKNOWN!I was ready to endorse this clown (just like I did with {your} Marco Rubio) .....based solely on my respect for YOU and your radio endorsement!!!.Yah, you're right; you stepped in it. ""Get this guy off your fone, - you dummy!""",,15,?,".....ARE YOU LISTENING, MARK LEVIN????......YOU GAVE us MARCO RUBIO..DO your due diligences before impulsively endorsing an UNKNOWN!I was ready to endorse this clown (just like I did with {your} Marco Rubio) .....based solely on my respect for YOU and your radio endorsement!!!.Yah, you're right; you stepped in it. ""Get this guy off your fone, - you dummy!""",1,1,1,0,0