,Site Name,Article Name,Article Date,Total Article Comments,Article URL,Username,Comments,Responding to,Upvotes,Downvotes,Hate?,
0,The Gateway Pundit,"Lynwood, California City Manager Jose Ometeotl Posts ""Chickens Come Home t‚Ä¶",['2020/09'],291 comments,https://www.thegatewaypundit.com/2020/09/lynwood-california-city-manager-jose-ometeotl-posts-chickens-come-home-roost-2-young-deputies-shot-head-ambush-attack/,mike radant,We need to nuke Mexico City as a start!,,2,?,1,
1,The Gateway Pundit,22-Year-Old Who Had His Arm Partially Blown Off After Pointing a Gun at 17-Yea‚Ä¶,['2020/09/22'],1178 comments,https://www.thegatewaypundit.com/2020/09/22-year-old-arm-partially-blown-off-pointing-pistol-17-year-old-kyle-rittenhouses-head-cries-victim-cnn/,mike radant,HA HA! -The Bully Kid From The Simpsons,,1,?,0,
2,The Gateway Pundit,22-Year-Old Who Had His Arm Partially Blown Off After Pointing a Gun at 17-Yea‚Ä¶,['2020/09/22'],1178 comments,https://www.thegatewaypundit.com/2020/09/22-year-old-arm-partially-blown-off-pointing-pistol-17-year-old-kyle-rittenhouses-head-cries-victim-cnn/,mike radant,Too bad this idiot is still breathing!,,3,?,2,
3,The Gateway Pundit,Latinos For Biden Parade in Las Vegas This Weekend a Total Flop - Only a 'Handful'‚Ä¶,['2020/09'],183 comments,https://www.thegatewaypundit.com/2020/09/latinos-biden-parade-las-vegas-weekend-total-flop-handful-supporters-show-video/,mike radant,"When my grandfather was alive, he voted the straight Republican ticket. Now that he's dead, he votes the straight Democrat ticket.",,3,?,2,
4,The Gateway Pundit,De Blasio Cancels Macy's Thanksgiving Day Parade -- Killing NYC Economy Further,['2020/09'],341 comments,https://www.thegatewaypundit.com/2020/09/de-blasio-cancels-macys-thanksgiving-day-parade-killing-nyc-economy/,mike radant,I'm surprised someone hasn't capped that sorry b@stard yet!,,2,?,2,
5,The Gateway Pundit,"Race Agitator Al Sharpton To MSNBC: ""I suspect"" LA cop shooter was ""planted"" t‚Ä¶",['2020/09'],253 comments,https://www.thegatewaypundit.com/2020/09/race-agitator-al-sharpton-msnbc-suspect-la-cop-shooter-planted-make-blm-look-bad-video/,mike radant,"Doesn't the ape owe something like $5 million in back taxes? If he wasn't an insider race agitator, he'd be in prison!",,0,0,1,
6,The Gateway Pundit,Lancaster Black Lives Matter Militant Calls for People to Shoot Cops After Rioters Ar‚Ä¶,['2020/09'],443 comments,https://www.thegatewaypundit.com/2020/09/lancaster-black-lives-matter-militant-calls-people-shoot-cops-rioters-shot-rubber-bullets-video/,mike radant,"2 hours agoLooking at the graphic of the Black woman telling the White man that Whites don't run America any longer, consider . . .1. Name one predominantly Black-run city that is prosperous. 2. Name one predominantly Black-run nation that is prosperous. 3. Name one predominantly Black-run public school system that is a model for educational excellence.4. Name one predominantly Black-run city whose criminal statistics aren't over the top nationally.5. Name one predominantly Black-run major metro that is not a Killing Field.6. Name one predominantly Black-run university that is internationally acclaimed as a font of research, and significant contributions to Humanity.You get the idea  . . . and that idea explains why NYC will exist as a geographic location, but will never again exist as a focal point for intellectual, creative, or any type of Excellence again",,17,?,1,
7,The Gateway Pundit,"America-hater Ilhan Omar Says Biden Will ""Be Responsive"" to her Policies -- Then C‚Ä¶",['2020/09'],219 comments,https://www.thegatewaypundit.com/2020/09/america-hater-ilhan-omar-says-biden-will-responsive-policies-calls-dismantling-police-video/,mike radant,"2 hours agoTo All:Looking at the graphic of the Black woman telling the White man that Whites don't run America any longer, consider . . .1. Name one predominantly Black-run city that is prosperous.2. Name one predominantly Black-run nation that is prosperous.3. Name one predominantly Black-run public school system that is a model for educational excellence.4. Name one predominantly Black-run city whose criminal statistics aren't over the top nationally.5. Name one predominantly Black-run major metro that is not a Killing Field.6. Name one predominantly Black-run university that is internationally acclaimed as a font of research, and significant contributions to Humanity.You get the idea  . . . and that idea explains why NYC will exist as a geographic location, but will never again exist as a focal point for intellectual, creative, or any type of Excellence agai",,1,?,1,
8,The Gateway Pundit,"America-hater Ilhan Omar Says Biden Will ""Be Responsive"" to her Policies -- Then C‚Ä¶",['2020/09'],219 comments,https://www.thegatewaypundit.com/2020/09/america-hater-ilhan-omar-says-biden-will-responsive-policies-calls-dismantling-police-video/,mike radant,"No, we need an all out race war to exterminate this disgusting subhuman race from this country!",Guest,0,0,1,
9,The Gateway Pundit,"America-hater Ilhan Omar Says Biden Will ""Be Responsive"" to her Policies -- Then C‚Ä¶",['2020/09'],219 comments,https://www.thegatewaypundit.com/2020/09/america-hater-ilhan-omar-says-biden-will-responsive-policies-calls-dismantling-police-video/,mike radant,"When the race war starts, she needs to be one of the first ones hanging by her neck from a tree!",,0,0,1,
10,The Gateway Pundit,"Lancaster, PA: Black Lives Matter Crowd Forming Following Officer-Involved Sho‚Ä¶",['2020/09'],395 comments,https://www.thegatewaypundit.com/2020/09/lancaster-pa-black-lives-matter-crowd-forming-following-officer-involved-shooting-video/,mike radant,"No, it is the race itself that is incompatible with civilization, Our grandfathers were correct when they lynched them at the slightest sign of monkeyshines!",Fargo007,1,?,1,
11,The Gateway Pundit,"Lancaster, PA: Black Lives Matter Crowd Forming Following Officer-Involved Sho‚Ä¶",['2020/09'],395 comments,https://www.thegatewaypundit.com/2020/09/lancaster-pa-black-lives-matter-crowd-forming-following-officer-involved-shooting-video/,mike radant,The USA needs an all out race war. Name one successful black city or country! Blacks are useless eaters that deserve extermination!,,0,0,1,
12,The Gateway Pundit,VIDEO: Black Woman Refuses To Move For White Flight Attendant‚Ä¶Shouts In Face‚Ä¶,['2020/09'],2072 comments,https://www.thegatewaypundit.com/2020/09/video-black-woman-refuses-move-white-flight-attendantshouts-face-passenger-wake-2020-dont-white-privilege/,mike radant,"That's how the majority are, considering the problems, crimes, destroyed cities, etc... that they cause, we really do need an all out race war to remove them!",cjae,0,0,1,
13,The Gateway Pundit,VIDEO: Black Woman Refuses To Move For White Flight Attendant‚Ä¶Shouts In Face‚Ä¶,['2020/09'],2072 comments,https://www.thegatewaypundit.com/2020/09/video-black-woman-refuses-move-white-flight-attendantshouts-face-passenger-wake-2020-dont-white-privilege/,mike radant,I look forward to the coming race war. We need to wipe the black plague from the USA once and for all!,,2,?,1,
14,The Gateway Pundit,"Chiefs Fans Boo as Players From Both Teams Link Arms in ""Moment of Unity"" a‚Ä¶",['2020/09'],549 comments,https://www.thegatewaypundit.com/2020/09/chiefs-fans-boo-players-teams-link-arms-moment-unity-call-social-justice-game-starts-video/,mike radant,"Hopefully, some nlggers rape and kill your mom!",Pollywannacracker,0,0,1,
15,The Conservative Brief,Left-wing Activists Planning to ‚ÄúShut Things Down‚Äù if Trump Wins Re-election,[],182 comments,https://www.theconservativebrief.com/left-wing-activists-planning-to-shut-things-down-if-trump-wins-re-election/,mike radant,We need to start rounding up BLM and Antifa and putting them in FEMA Prison Work Camps!,,0,0,2,
16,The Gateway Pundit,Federal Judges Block President Trump‚Äôs Effort to Exclude Illegal Aliens From Cens‚Ä¶,['2020/09'],361 comments,https://www.thegatewaypundit.com/2020/09/federal-judges-block-president-trumps-effort-exclude-illegal-aliens-census-count-purpose-congressional-representation/,mike radant,"We don't need elections, we need assassinations!",,2,?,1,
17,The Gateway Pundit,Antifa Radical Arrested for Arson in Washington State -- Was Caught on High‚Ä¶,['2020/09'],240 comments,https://www.thegatewaypundit.com/2020/09/antifa-radical-arrested-arson-washington-state-caught-highway-setting-fire-lighter/,mike radant,Burn this guy alive!,,2,?,1,
18,The Gateway Pundit,"Canada Imprisoning ‚ÄòUncooperative‚Äô Citizens At Secret COVID-19 Facility, Rep‚Ä¶",['2020/09'],342 comments,https://www.thegatewaypundit.com/2020/09/canada-imprisoning-uncooperative-citizens-secret-covid-19-facility-report-says/,mike radant,The USA needs to do this to BLM and Antifa terrorists!,,1,?,2,
19,The Gateway Pundit,"Breaking: AG Bill Barr Says ""There Could Be"" More Indictments in the Ongoing Du‚Ä¶",['2020/09'],490 comments,https://www.thegatewaypundit.com/2020/09/breaking-ag-bill-barr-says-indictments-ongoing-durham-probe/,mike radant,I'm going to find out who you are!,Pollywannacracker,0,0,2,
20,The Gateway Pundit,Portland Black Lives Matter: 'A Black Person's Life Matters More Than a White‚Ä¶,['2020/08'],151 comments,https://www.thegatewaypundit.com/2020/08/portland-black-lives-matter-black-persons-life-matters-white-persons-right-now-video/,mike radant,I'm going to find out who you are and where you live!,Pollywannacracker,0,0,2,
21,The Gateway Pundit,Portland Black Lives Matter: 'A Black Person's Life Matters More Than a White‚Ä¶,['2020/08'],151 comments,https://www.thegatewaypundit.com/2020/08/portland-black-lives-matter-black-persons-life-matters-white-persons-right-now-video/,mike radant,"Polly as in parrot stupid, let me find out who you are!",Pollywannacracker,0,0,2,
22,Caldron Pool,Antiracist Baby: New Book Teaches Babies To ‚ÄòConfess‚Äô Their Racism And Spot Whit‚Ä¶,[],13 comments,https://caldronpool.com/antiracist-baby-new-book-teaches-babies-to-confess-their-racism-and-spot-white-privilege/,mike radant,"The sooner the race war starts, the better!",,0,0,1,
23,The Gateway Pundit,Criminal Who Was Bailed Out of Jail by Nonprofit Funded by Biden's Staffers Vio‚Ä¶,['2020/09'],286 comments,https://www.thegatewaypundit.com/2020/09/criminal-bailed-jail-nonprofit-funded-bidens-staffers-violently-assaults-man-leaves-traumatic-brain-injury-fractured-skull/,mike radant,The USA really needs an all out race war!,,0,0,1,
24,The Gateway Pundit,‚ÄòF*ck White People!‚Äô ‚Äì BLM-Biden Supporters Scream at Elderly Couple Din‚Ä¶,['2020/09'],2085 comments,https://www.thegatewaypundit.com/2020/09/fck-white-people-blm-biden-supporters-scream-elderly-couple-dining-outdoors-pittsburgh-steal-drinks-off-table-video/,mike radant,"I agree, we need an all out race war. Cut off all utilities and EBT cards and pick them off as they come out of their slums. It won't be white vs black, it will be EVERYONE vs blacks. Koreans on rooftops, Hispanics have already run them out of SoCal, rednecks, etc... It will be open season on them, and good riddance!",,5,?,1,
25,The Gateway Pundit,19 Foreign Nationals Charged with Voter Fraud in Swing State North Carolina,['2020/09/19'],231 comments,https://www.thegatewaypundit.com/2020/09/19-foreign-nationals-charged-voter-fraud-swing-state-north-carolina/,mike radant,You ain't seen nothing yet!,,0,0,0,
26,The Gateway Pundit,GOING VIRAL: Washington State Patrol Rips Black Lives Matter Militant Out of V‚Ä¶,['2020/09'],1637 comments,https://www.thegatewaypundit.com/2020/09/going-viral-washington-state-patrol-rips-black-lives-matter-militant-vehicle-illegally-blocking-traffic-highway-video/,mike radant,They need to start plowing thru them and kill as many as possible!,,2,?,1,
27,The Hill,DHS to label white supremacists as the 'most persistent and lethal threat' to the‚Ä¶,[],4904 comments,https://thehill.com/policy/national-security/515244-dhs-to-label-white-supremacists-as-the-most-persistent-and-lethal,mike radant,Kill every one of the bastards!,Guest,0,0,1,
28,The Hill,DHS to label white supremacists as the 'most persistent and lethal threat' to the‚Ä¶,[],4904 comments,https://thehill.com/policy/national-security/515244-dhs-to-label-white-supremacists-as-the-most-persistent-and-lethal,mike radant,"Actually, that describes the BLM/Antifa criminals. Every one of them needs to be burned alive!",DeplorablesAreTraitors,1,?,1,
29,The Hill,DHS to label white supremacists as the 'most persistent and lethal threat' to the‚Ä¶,[],4904 comments,https://thehill.com/policy/national-security/515244-dhs-to-label-white-supremacists-as-the-most-persistent-and-lethal,mike radant,"Chinese and others invading the Southern border, BLM and Antifa destroying cities and killing people, Mexican cartels turning sanctuary cities into drug dealing hubs, it goes on and on. And THIS is what they call a threat?!?",,1,2,1,
30,The Gateway Pundit,FIRST PHOTOS AND VIDEO: Antifa Killer Michael Reinoehl Shot Dead in Washingt‚Ä¶,['2020/09'],1539 comments,https://www.thegatewaypundit.com/2020/09/first-photos-video-antifa-killer-michael-reinoehl-shot-dead-washington-state-us-marshals-attempt-revive/,mike radant,Good! Kill every one of the b@stards!,,1,?,1,
31,The Gateway Pundit,FIRST PHOTOS AND VIDEO: Antifa Killer Michael Reinoehl Shot Dead in Washingt‚Ä¶,['2020/09'],1539 comments,https://www.thegatewaypundit.com/2020/09/first-photos-video-antifa-killer-michael-reinoehl-shot-dead-washington-state-us-marshals-attempt-revive/,mike radant,Good Shoot every one of the b@stards!,,3,?,1,
32,The Gateway Pundit,Portland Black Lives Matter: 'A Black Person's Life Matters More Than a White‚Ä¶,['2020/08'],151 comments,https://www.thegatewaypundit.com/2020/08/portland-black-lives-matter-black-persons-life-matters-white-persons-right-now-video/,mike radant,You need a .357-ectomy!,Pollywannacracker,0,0,1,
33,The Gateway Pundit,Portland Black Lives Matter: 'A Black Person's Life Matters More Than a White‚Ä¶,['2020/08'],151 comments,https://www.thegatewaypundit.com/2020/08/portland-black-lives-matter-black-persons-life-matters-white-persons-right-now-video/,mike radant,You need to be gang raped and have your throat cut!,Pollywannacracker,0,0,1,
34,The Gateway Pundit,Portland Black Lives Matter: 'A Black Person's Life Matters More Than a White‚Ä¶,['2020/08'],151 comments,https://www.thegatewaypundit.com/2020/08/portland-black-lives-matter-black-persons-life-matters-white-persons-right-now-video/,mike radant,"Polly as in parrot, you ignorant bytch. Bytches like you deserve to be gang raped!",Pollywannacracker,0,0,1,
35,The Gateway Pundit,Portland Black Lives Matter: 'A Black Person's Life Matters More Than a White‚Ä¶,['2020/08'],151 comments,https://www.thegatewaypundit.com/2020/08/portland-black-lives-matter-black-persons-life-matters-white-persons-right-now-video/,mike radant,"Polly as in a parrot, you ignorant whore!",Pollywannacracker,0,0,1,
36,https://www.campusreform.org,College director: ‚ÄúEvery white person‚Äù is racist,[],59 comments,https://www.campusreform.org/?ID=15550&,mike radant,So maybe this gook should go back to China if it's so bad in the USA!,,0,0,1,
37,News Punch,Spike Lee Concerned Trump Won‚Äôt Leave White House: ‚ÄòAre We Coming to a Civil W‚Ä¶,[],36 comments,https://newspunch.com/spike-lee-concerned-trump-wont-leave-white-house-we-coming-civil-war/,mike radant,"He's right, but we don't need a CIVIL WAR, we need an all out RACE WAR to remove the black plague that is destroying the USA!",,1,?,1,
38,News Punch,"Barack Obama Calls For ‚ÄòSustained Protest‚Äô As Riots, Looting and Carnage C‚Ä¶",[],7 comments,https://newspunch.com/barack-obama-calls-for-sustained-protest-as-riots-looting-and-carnage-continues-across-us/,mike radant,"He's right, the USA needs an all out race war and HIS kind need to be extinct!",,1,?,1,
39,100% Fed Up,LEFT NEWS: CNN's Van Jones Suggests Alleged Kenosha Shooter Should Be 'Bea‚Ä¶,[],35 comments,https://100percentfedup.com/left-news-cnns-van-jones-suggests-alleged-kenosha-shooter-should-be-beat-for-irresponsible-actions-video/,mike radant,Kill every one of them!,,0,0,1,
40,100% Fed Up,"America‚Äôs Most Divisive Former First Lady, Michelle Obama: Black People Are ‚ÄòInvisi‚Ä¶",[],297 comments,https://100percentfedup.com/americas-most-divisive-former-first-lady-michelle-obama-black-people-are-invisible-to-white-people-that-is-so-telling-of-how-white-america-views-people-who-are-not-like-them/,mike radant,"It's not that I don't see you, I'm like most humans. I'm sick of seeing you, hearing you, smelling you listening to your whining BS, your crime, your stupidity and everything else about you that makes you subhuman!",,20,?,1,
41,100% Fed Up,Soros Funded District Attorney: Officers Should Determine If Looters ‚ÄúNeeded‚Äù S‚Ä¶,[],229 comments,https://100percentfedup.com/soros-funded-district-attorney-officers-should-determine-if-looters-needed-stolen-merchandise-before-charging-them/,mike radant,Just more proof that blacks don't belong in this country and the USA needs an all out race war to destroy them!,,4,?,1,
42,The Gateway Pundit,"Michelle Obama Pops Off About Kyle Rittenhouse, Says 'Systemic Racism' Co‚Ä¶",['2020/08'],679 comments,https://www.thegatewaypundit.com/2020/08/michelle-obama-pops-off-kyle-rittenhouse-says-systemic-racism-coming-white-house/,mike radant,We really do need an all out race war to remove the subhuman plague from society!,,2,?,1,
43,The Gateway Pundit,Portland Black Lives Matter: 'A Black Person's Life Matters More Than a White‚Ä¶,['2020/08'],151 comments,https://www.thegatewaypundit.com/2020/08/portland-black-lives-matter-black-persons-life-matters-white-persons-right-now-video/,mike radant,"Polly refers to a bird, stupid. Anyone as stupid as you deserves to be gang raped!",Pollywannacracker,0,0,1,
44,The Gateway Pundit,Portland Black Lives Matter: 'A Black Person's Life Matters More Than a White‚Ä¶,['2020/08'],151 comments,https://www.thegatewaypundit.com/2020/08/portland-black-lives-matter-black-persons-life-matters-white-persons-right-now-video/,mike radant,Part of it is black vs white: George Soros said that he funded the Black Lives Matter movement because he wanted to 'bring down the United States' and 'the black community is the easiest to manipulate.'Guess (((WHO))) is behind BLM and Antifa!,Unalienable Rights,2,?,2,
45,The Gateway Pundit,Portland Black Lives Matter: 'A Black Person's Life Matters More Than a White‚Ä¶,['2020/08'],151 comments,https://www.thegatewaypundit.com/2020/08/portland-black-lives-matter-black-persons-life-matters-white-persons-right-now-video/,mike radant,You're a big mouth f@ggot with a single digit IQ.,Pollywannacracker,0,0,1,
46,The Gateway Pundit,Portland Black Lives Matter: 'A Black Person's Life Matters More Than a White‚Ä¶,['2020/08'],151 comments,https://www.thegatewaypundit.com/2020/08/portland-black-lives-matter-black-persons-life-matters-white-persons-right-now-video/,mike radant,70% of BLM is white! Start shooting BLM/Antifa on sight!,,2,?,1,
47,The Gateway Pundit,Black Man Arrested for Hate Crime After Stabbing White Man While Screaming ‚ÄòBl‚Ä¶,['2020/08'],318 comments,https://www.thegatewaypundit.com/2020/08/black-man-arrested-hate-crime-stabbing-white-man-screaming-black-lives-matter/,mike radant,There are reasons our grandfathers lynched them at the first sign of monkey shines. Do you think all those cities they've destroyed is by accident? Do you think the disproportional violent crime they commit is an accident? Do you think they have to dumb things down for them is an accident? Do you think all the other problems they cause is by accident?!? Do you think the (((controlled media))) with it's (((anti-white))) agenda is an accident?!?,,0,0,1,
48,The Gateway Pundit,"Kamala Harris on Support for BLM Riots: 'They're Not Gonna Stop,' Warns Everyo‚Ä¶",['2020/08'],341 comments,https://www.thegatewaypundit.com/2020/08/kamala-harris-support-blm-riots-not-gonna-stop-warns-everyone-beware-video/,mike radant,"More like ""these useful idiots."" Hitler had the Brown Shirts killed and the Commies in Russia had their useful idiots killed, too. They knew too much. They are too brainwashed and stupid to see they are being  used. And we all know (((who))) is funding and using them!",djpw,2,?,2,
49,The Gateway Pundit,WOKE: Milwaukee Brewers Opt Out of Playing Tonight After NBA Cancels Playof‚Ä¶,['2020/08'],341 comments,https://www.thegatewaypundit.com/2020/08/woke-milwaukee-brewers-opt-playing-tonight-nba-cancels-playoff-games-protest-police-shooting-alleged-sex-offender-jacob-blake/,mike radant,"Basketball sucks anyway. Get woke, go broke!",,1,?,2,
50,The Gateway Pundit,Illegal Alien in Alabama Charged with First-Degree Rape and Sexual Abuse of a Child‚Ä¶,['2020/08'],144 comments,https://www.thegatewaypundit.com/2020/08/illegal-alien-alabama-charged-first-degree-rape-sexual-abuse-child-age-12/,mike radant,"And dumbass Antifa says if you're against illegal wetback invaders, you are a Nazi!",,1,?,1,
51,The Gateway Pundit,"""We Will NOT Stand for Looting, Arson, Violence and Lawlessness"" - President Tr‚Ä¶",['2020/08'],166 comments,https://www.thegatewaypundit.com/2020/08/will-not-stand-looting-arson-violence-lawlessness-president-trump-send-law-enforcement-national-guard-kenosha/,mike radant,That's the separation of Fed and state laws and law enforcement.,SoCal Conservative 4 ‚úì·µÄ·¥ø·µÅ·¥π·¥æ,1,?,0,
52,The Gateway Pundit,"""We Will NOT Stand for Looting, Arson, Violence and Lawlessness"" - President Tr‚Ä¶",['2020/08'],166 comments,https://www.thegatewaypundit.com/2020/08/will-not-stand-looting-arson-violence-lawlessness-president-trump-send-law-enforcement-national-guard-kenosha/,mike radant,Shoot to kill orders! All BLM/Antifa are terrorists and criminals!,,6,?,1,
53,PJ Media,"Meet Antifa's 'Alice Phallus.' When She's Not Rioting, She's  a 'Life Coach'  for Portl‚Ä¶",['2020/08/26'],395 comments,https://pjmedia.com/uncategorized/victoria-taft/2020/08/26/meet-antifas-alice-phallus-when-shes-not-rioting-shes-a-life-coach-for-portlands-at-risk-youth-n843246,mike radant,Kill the demon!,,0,0,1,
54,The Gateway Pundit,"""Oh, God. Bette Midler‚Äôs A Racist': Singer Says Of Melania -- 'Get That Illegal Alien‚Ä¶",['2020/08'],383 comments,https://www.thegatewaypundit.com/2020/08/oh-god-bette-midlers-racist-singer-says-melania-get-illegal-alien-off-stage/,mike radant,(((Bette Midler))) that explains it all!,,3,?,0,
55,The Gateway Pundit,Far Left Democrats Sent Money to BLM But ActBlue Took the Donations and Are Dist‚Ä¶,['2020/08'],67 comments,https://www.thegatewaypundit.com/2020/08/far-left-democrats-sent-money-blm-actblue-took-donations-distributing-funds-elite-approved-democrat-candidates/,mike radant,"Black Privilege: You get caught committing a crime and you can scream racism. In fact, you can scream racism at the slightest provocation. You can use the ""N"" word dozens of times a day, but no one else can.",HalfPint74,1,?,2,
56,The Gateway Pundit,CURL: Why DO Blacks Vote In Droves For Democrats Every Election?,['2020/08'],228 comments,https://www.thegatewaypundit.com/2020/08/curl-blacks-vote-droves-democrats-every-election/,mike radant,"The low IQ, combined with low impulse control, and natural laziness............",,0,0,1,
57,Breitbart News Network,Celebs Turn Sights on First Lady: Melania Trump Is a ‚ÄòPretty Sexy Lying A**hole Co‚Ä¶,['2020/08/25'],1763 comments,https://www.breitbart.com/entertainment/2020/08/25/celebs-turn-sights-on-first-lady-melania-trump-is-a-pretty-sexy-lying-ahole-complicit-pig/,mike radant,Her demonic (((tribe))) is behind BLM/Antifa! Uncle Adolf was 100% correct about (((them))) and had the right idea!,,0,0,1,
58,Flyheight,Damn: Dude Run Over Few People During A Hood Brawl,[],100 comments,https://flyheight.com/videos/cl89iw/,mike radant,We need an all out race war to remove this plague on the USA!,,0,0,1,
59,Vidmax,Cop Punches Female Suspect After She Bites Him In The Leg,[],25 comments,https://vidmax.com/video/197899-cop-punches-female-suspect-after-she-bites-him-in-the-leg,mike radant,"They should have maced the mouth bitch with the camera, should've shot the she-boon biting the cop!",,0,0,1,
60,Vidmax,Daughter Captures The Moment Her Mom And 2 Others Were Shot In Barbershop In‚Ä¶,[],40 comments,https://vidmax.com/video/197857-daughter-captures-the-moment-her-mom-and-2-others-were-shot-in-barbershop-in-chicago,mike radant,No humans were harmed in the filming of this presentation!,,0,0,2,?
61,Atlanta Black Star,City of Atlanta Selects a Black Artist from Nearly 100 Applicants to Create Dr. Marti‚Ä¶,['2020/08/22'],2 comments,https://atlantablackstar.com/2020/08/22/city-of-atlanta-selects-a-black-artist-from-nearly-100-applicants-to-create-dr-martin-luther-king-jr-sculpture/,mike radant,"A major target for vandalism, just like all the other ones. MLK was no hero, he was a fraud!",,0,0,2,
62,Vidmax,BREAKING: Rioter Gets Shot In The Head In Kenosha!,[],48 comments,https://vidmax.com/video/197933-breaking-rioter-gets-shot-in-the-head-in-kenosha,mike radant,"Do these assholes think that attacking people, burning buildings and all the other garbage was going to be put up with for very long. I'm amazed how restrained people have been up until now. Hopefully, this becomes a daily event. BLM/Antifa are terrorists and criminals and need to start going down!",,14,?,2,
63,The Gateway Pundit,‚ÄúThis Dude is Shooting at Us!‚Äù ‚Äì BLM Militants Run For Their Lives After Milwa‚Ä¶,['2020/08'],1444 comments,https://www.thegatewaypundit.com/2020/08/dude-shooting-us-blm-militants-run-lives-milwaukee-homeowner-fires-warning-shots-protesters-neighborhood-video/,mike radant,"It also broadcasts your position to them, cover first then fire!",gaijin geisha,2,?,0,
64,The Gateway Pundit,‚ÄúThis Dude is Shooting at Us!‚Äù ‚Äì BLM Militants Run For Their Lives After Milwa‚Ä¶,['2020/08'],1444 comments,https://www.thegatewaypundit.com/2020/08/dude-shooting-us-blm-militants-run-lives-milwaukee-homeowner-fires-warning-shots-protesters-neighborhood-video/,mike radant,Start killing the BLM/Antifa criminals from coast to coast! Hang the ones who survive!,,3,?,1,
65,The Gateway Pundit,Kenosha Riots Night 3: Law Enforcement Takes an Aggressive Offense on BLM Afte‚Ä¶,['2020/08'],245 comments,https://www.thegatewaypundit.com/2020/08/kenosha-riots-night-3-law-enforcement-takes-aggressive-offense-blm-police-declare-unlawful-assembly-video/,mike radant,(((They))) control the media and (((they))) have an agenda. (((They))) are also behind BLM and Antifa!,US_Auslander,22,1,2,
66,Breitbart News Network,"Black Lives Matter Protesters Heckle D.C. Diners, Chant: ‚ÄòWhite Silence Is Violence‚Äô",['2020/08/25'],354 comments,https://www.breitbart.com/politics/2020/08/25/black-lives-matter-protesters-heckle-d-c-diners-chant-white-silence-violence/,mike radant,"According to Dr Jim Willie  of the GoldenJackass.com, 70% of BLM members are white!",Sons of Liberty,5,?,2,?
67,Breitbart News Network,Watch: ‚ÄòFox & Friends‚Äô Cuts Away from Donna Brazile Meltdown ‚Äî ‚ÄòYou Cannot‚Ä¶,['2020/08/25'],5950 comments,https://www.breitbart.com/clips/2020/08/25/watch-fox-friends-cuts-away-from-donna-brazile-meltdown-you-cannot-erase-my-history/,mike radant,"I look forward to the post election temper tantrum by lefties, I have lots of ammo and have been shooting since the 1970's. They come in my area and I will have fun hunting the bastards, and lots of my redneck neighbors, too!",,1,?,1,
68,The Gateway Pundit,"AL GORE: If Trump Refuses to Concede, Military Will Take Him Out",['2020/08'],845 comments,https://www.thegatewaypundit.com/2020/08/al-gore-trump-refuses-concede-military-will-take/,mike radant,"With Pog-losi declaring Repubs criminals and traitors, BLM/Antifa agitation and riots and everything else going on, Demon-crats won't have to worry about Trump not getting elected!",,2,?,2,
69,The Gateway Pundit,Democrat Leader Talcum X Calls for More Violenct and Complete Dismantling on U‚Ä¶,['2020/08'],540 comments,https://www.thegatewaypundit.com/2020/08/democrat-leader-talcum-x-calls-violenct-complete-dismantling-us-police/,mike radant,What we really need is an all out race war to remove the black plague the USA is suffering from!,,2,1,1,
70,Vidmax,ANTIFA Chick Learns About Gender Equality When She Punches Back The Bl‚Ä¶,[],100 comments,https://vidmax.com/video/197872-antifa-chick-learns-about-gender-equality-when-she-punches-back-the-blue-supporter-gets-ktfo,mike radant,Too bad it was only one Antifa bytch! We need to start shooting and killing all BLM/Antifa criminals!,,0,0,1,
71,The Gateway Pundit,"Chicago BLM Militant Issues Threat: ""We Have Demands and They Need to Be Met.‚Ä¶",['2020/08'],816 comments,https://www.thegatewaypundit.com/2020/08/chicago-blm-militant-issues-threat-demands-need-met-can-listen-us-get-ran-video/,mike radant,We need an all out race war! THEY need to be extinct!,,1,?,1,
72,The Gateway Pundit,80-Year-Old Grandfather Dies After Brutal Beating and Robbery in Grocery Store Ba‚Ä¶,['2020/08'],399 comments,https://www.thegatewaypundit.com/2020/08/family-80-year-old-died-beaten-robbed-grocery-store-bathroom-seeks-justice/,mike radant,"We're supposed to believe the ""equality"" BS the (((media))) is pushing, but black crime/hate crimes are skyrocketing. The race war is coming!",,6,?,1,
73,The Gateway Pundit,WATCH: Violence Breaks Out as Conservatives Refuse to Back Down Fro‚Ä¶,['2020/08'],401 comments,https://www.thegatewaypundit.com/2020/08/watch-violence-breaks-conservatives-refuse-back-black-lives-matter-mob-beverly-hills/,mike radant,"They need to declare BLM/Antifa terrorist groups, go after their funding and start using real bullets if they riot! Lock the survivors up for a couple decades!",,6,?,2,
74,WND,San Francisco needs to admit it was wrong on vaping,['2020/08'],5 comments,https://www.wnd.com/2020/08/san-francisco-needs-admit-wrong-vaping/,mike radant,"The sooner SoCal is destroyed, the better!",,0,0,1,?
75,WND,Gang of teens accused of robbery and murder of N.C. girl ‚Äì media silent,['2020/08'],35 comments,https://www.wnd.com/2020/08/gang-teens-accused-robbery-murder-n-c-girl-media-silent/,mike radant,"We know (((who))) controls the media and has an agenda. If it is black on white crime, no coverage, If it is white on black crime, national coverage. If it is black on (((them))), it is a new Holocaust! (((They))) are also behind BLM and Antifa!",,1,?,2,
76,WND,Gang of teens accused of robbery and murder of N.C. girl ‚Äì media silent,['2020/08'],35 comments,https://www.wnd.com/2020/08/gang-teens-accused-robbery-murder-n-c-girl-media-silent/,mike radant,"Or ""youths!""",Viet Nam Vet,1,?,0,
77,Breitbart News Network,LeBron James on Reading Malcolm X Autobiography: ‚ÄòIt‚Äôs Him Understanding‚Ä¶,['2020/08/21'],815 comments,https://www.breitbart.com/sports/2020/08/21/lebron-james-on-reading-malcolm-x-autobiography-its-him-understanding-how-powerful-the-negro-can-be/,mike radant,‚ÄúThe United States has become a place where entertainers and professional athletes are mistaken for people of importance.‚Äù ‚ÄîRobert A. Heinlein,,0,0,2,
78,Breitbart News Network,"Donald Trump: Joe Biden Is ‚ÄòMore Likable,‚Äô but Hillary Clinton Is ‚ÄòMuch Smarter‚Äô",['2020/08/22'],1982 comments,https://www.breitbart.com/politics/2020/08/22/donald-trump-joe-biden-more-likable-hillary-clinton-much-smarter/,mike radant,And they're both senile!,,0,0,2,
79,WND,Mexico's Jalisco cartel adopts new tactic: Drones armed with C-4 explosive,['2020/08'],10 comments,https://www.wnd.com/2020/08/mexicos-jalisco-cartel-adopts-new-tactic-drones-armed-c-4-explosive/,mike radant,Sounds like a good weapon against BLM and Antifa!,,1,2,2,
80,WND,Feds open probe of university that punished student for image with gun,['2020/08'],156 comments,https://www.wnd.com/2020/08/feds-open-probe-university-punished-student-image-gun/,mike radant,Get the best shyster you can find and sue everyone down to the cleaning lady!,,2,1,2,
81,Breitbart News Network,Elizabeth Warren Calls for the Firing of Postmaster General Louis DeJoy,['2020/08/22'],539 comments,https://www.breitbart.com/politics/2020/08/22/elizabeth-warren-calls-for-the-firing-of-postmaster-general-louis-dejoy/,mike radant,"Takes one to know one, big mouth f@ggot!",Sam Stegelski,1,?,1,
82,InvestmentWatchBlog,"NYC Is Dying Due To Corrupt Democrats, DeBlasio Siphons $2M To His Wife While‚Ä¶",[],1 comments,https://www.investmentwatchblog.com/nyc-is-dying-due-to-corrupt-democrats-deblasio-siphons-2m-to-his-wife-while-planning-22k-layoffs/,mike radant,What about the missing $850 million DeBlahBlah's wife siphoned off from ThriveNYC?https://www.dailymail.co.uk...,,0,0,2,
83,InvestmentWatchBlog,BLACK CHICAGO RESIDENTS want federal troops sent in as Mayor lets the city desc‚Ä¶,[],2 comments,https://www.investmentwatchblog.com/black-chicago-residents-want-federal-troops-sent-in-as-mayor-lets-the-city-descend-into-a-warzone/,mike radant,"This is what  you get for letting stupid people vote who breed like rats instead of the intelligent, thoughtful people. Would anyone in their right mind vote Lightweight or DeBlahBlah into office?!?",,1,?,2,
84,WND,Sociology professor: 'Fat-phobia is rooted in anti-blackness',['2020/08'],122 comments,https://www.wnd.com/2020/08/sociology-professor-fat-phobia-rooted-anti-blackness/,mike radant,"So, not having a heart attack is racist?!? Damn. Proof you can be educated past your intelligence level!",,4,?,2,
85,WND,"Cher wants to save Post Office by volunteering, but no one will help her",['2020/08'],11 comments,https://www.wnd.com/2020/08/cher-wants-save-post-office-volunteering-no-one-will-help/,mike radant,Is she three digits old or is it four digits?!?,,0,0,2,?
86,WND,Catholic priest closes DNC by praying for 'the unborn child in the womb',['2020/08'],94 comments,https://www.wnd.com/2020/08/catholic-priest-closes-dnc-praying-unborn-child-womb/,mike radant,I bet the liberal demons in the crowd screamed in anguish!,,2,?,2,
87,WND,Dem convention showed the real reason D.C. hates Trump,['2020/08'],119 comments,https://www.wnd.com/2020/08/dem-convention-showed-real-reason-d-c-hates-trump/,mike radant,The same (((people))) who control the ((media))) have an agenda and control BLM/Antifa!,,4,?,2,
88,WND,Mom says parents asked to sign 'ridiculous' waiver they won't eavesdro‚Ä¶,['2020/08'],30 comments,https://www.wnd.com/2020/08/mom-says-parents-asked-sign-ridiculous-waiver-wont-eavesdrop-kids-online-lessons/,mike radant,"Can't mention God, but you can have sodomites, lesbians, trannies, commies, etc... come in and propagandize them!",General Robert E. Lee,5,?,1,
89,WND,Mom says parents asked to sign 'ridiculous' waiver they won't eavesdro‚Ä¶,['2020/08'],30 comments,https://www.wnd.com/2020/08/mom-says-parents-asked-sign-ridiculous-waiver-wont-eavesdrop-kids-online-lessons/,mike radant,"A perfect argument for home schooling vs public school indoctrination! There are some very good online resources for home schooling, the main thing is you have to have an education yourself. And partner with like minded people in your area so you get some backup and your kids socialize.",,0,0,0,
90,WND,"Woman who stole 7-year-old boy's MAGA hat, harassed his mother arrested",['2020/08'],122 comments,https://www.wnd.com/2020/08/woman-stole-7-year-old-boys-maga-hat-harassed-mother-arrested/,mike radant,Most liberals are deranged enough without Trump!,Frank from Iowa,4,?,2,
91,WND,"Woman who stole 7-year-old boy's MAGA hat, harassed his mother arrested",['2020/08'],122 comments,https://www.wnd.com/2020/08/woman-stole-7-year-old-boys-maga-hat-harassed-mother-arrested/,mike radant,"The mother was stupid to bring a kid to that place, but they had no right to attack them. Hope both of them see some jail time! They're even more lucky the mother didn't have a gun!",,1,2,2,
92,WND,Sociology professor: 'Fat-phobia is rooted in anti-blackness',['2020/08'],122 comments,https://www.wnd.com/2020/08/sociology-professor-fat-phobia-rooted-anti-blackness/,mike radant,‚ÄúSome ideas are so stupid that only intellectuals believe them.‚Äù--George Orwell,,15,?,0,
93,WND,Joe Biden vows end of national 'darkness' in convention finale,['2020/08'],77 comments,https://www.wnd.com/2020/08/joe-biden-vows-end-national-darkness-convention-finale/,mike radant,That's because they belong to (((The Satanic Tribe)))!,RioSul50 .,0,0,2,
94,WND,Joe Biden vows end of national 'darkness' in convention finale,['2020/08'],77 comments,https://www.wnd.com/2020/08/joe-biden-vows-end-national-darkness-convention-finale/,mike radant,Decades of Jew media/white guilt conditioning!,Tomas Cruz,0,0,1,?
95,WND,Joe Biden vows end of national 'darkness' in convention finale,['2020/08'],77 comments,https://www.wnd.com/2020/08/joe-biden-vows-end-national-darkness-convention-finale/,mike radant,"Go into the light, Joe. Go into the light!",,1,?,0,
96,Vidmax,Guy Cheers On Two Women Beating The Snot Out Of Each Other While Holding A‚Ä¶,[],21 comments,https://vidmax.com/video/197843-guy-cheers-on-two-women-beating-the-snot-out-of-each-other-while-holding-a-baby-wait-for-it,mike radant,We need an all out race war!,,1,2,1,
97,WND,Was the cop's knee on George Floyd's neck 'racism'? No,['2020/08'],15 comments,https://www.wnd.com/2020/08/cops-knee-george-floyds-neck-racism-no/,mike radant,He got what his kind deserves!,,1,?,1,
98,WND,Portland protester who kicked man unconscious begs for money,['2020/08'],35 comments,https://www.wnd.com/2020/08/portland-protester-kicke-man-unconscious-begs-money/,mike radant,Bet he doesn't last long in the Big House!,,1,?,2,
99,WND,Officer makes shocking comment about 5-year-old white boy executed by black man,['2020/08'],584 comments,https://www.wnd.com/2020/08/officer-makes-shocking-comment-5-year-old-white-boy-executed-black-man/,mike radant,"It just goes to show, the USA needs an all out race war!",,4,3,1,
100,WND,Officer makes shocking comment about 5-year-old white boy executed by black man,['2020/08'],584 comments,https://www.wnd.com/2020/08/officer-makes-shocking-comment-5-year-old-white-boy-executed-black-man/,mike radant,Liberals = Jews,Frank from Iowa,5,?,1,?
101,WND,Officer makes shocking comment about 5-year-old white boy executed by black man,['2020/08'],584 comments,https://www.wnd.com/2020/08/officer-makes-shocking-comment-5-year-old-white-boy-executed-black-man/,mike radant,"I must humbly disagree, they are also useful for body parts for humans!",.454casull,2,?,0,
102,WND,Scientists capture first male murder hornet,['2020/08'],105 comments,https://www.wnd.com/2020/08/scientists-capture-first-male-murder-hornet/,mike radant,"Can we send them to Seattle, Portland, Frisco, etc...?!?",,5,?,0,
103,KCETLink,"Before the 1950s, the Whiteness of Compton was Defended Vehemently",[],3 comments,http://www.kcet.org/socal-focus/before-the-1950s-the-whiteness-of-compton-was-defended-vehemently,mike radant,What the USA really needs is an all out race war!,,0,0,1,
104,WND,"School assignment depicts police as slave owners, KKK",['2020/08'],344 comments,https://www.wnd.com/2020/08/school-assignment-depicts-police-slave-owners-kkk/,mike radant,First thing we need to do is abolish the Department of (Mis)Education!,Goatroper2211,13,?,2,
105,WND,"School assignment depicts police as slave owners, KKK",['2020/08'],344 comments,https://www.wnd.com/2020/08/school-assignment-depicts-police-slave-owners-kkk/,mike radant,"They say half the 4000 liberal arts colleges in the USA will close in the next 5-10 years, GOOD! Most of them are just Marxist, Communist indoctrination someone else mentioned that is going on in public schools. College now is just overpriced indoctrination for the same thing!",,10,?,2,
106,WND,"Over 100,000 Chinese evacuated as floods continue pressuring Three Gorges Dam",['2020/08/10'],12 comments,https://www.wnd.com/2020/08/100000-chinese-evacuated-floods-continue-pressuring-three-gorges-dam/,mike radant,"Chinese  have been waging low level war on the USA for a long time. Trump was the only one who put a stop to the spying, intellectual and technology theft, manufacturing of drugs like Fentynal and shipping them to the USA. Not to mention (as we're finding now) arming below the border, huge people smuggling rings and even thousands of weapons to BLM/Antifa and fake ID's, etc... Let China crash and burn and let them suffer!",,1,?,2,
107,WND,Officer makes shocking comment about 5-year-old white boy executed by black man,['2020/08'],584 comments,https://www.wnd.com/2020/08/officer-makes-shocking-comment-5-year-old-white-boy-executed-black-man/,mike radant,"Black kids dying is a symptom, and also shows that we don't need them in this country. But it's great that they're killing each other!",Stathanacious1952,0,0,1,
108,WND,Officer makes shocking comment about 5-year-old white boy executed by black man,['2020/08'],584 comments,https://www.wnd.com/2020/08/officer-makes-shocking-comment-5-year-old-white-boy-executed-black-man/,mike radant,"Jews control the media, Jews control BLM/Antifa, Jews are behind communism, liberalism, socialism, women's lib, etc... See a pattern here?!?",Fenderman52,1,?,1,
109,WND,Officer makes shocking comment about 5-year-old white boy executed by black man,['2020/08'],584 comments,https://www.wnd.com/2020/08/officer-makes-shocking-comment-5-year-old-white-boy-executed-black-man/,mike radant,There is always a ((('human rights' lawyer))) waiting to help the murderer or terrorist with a mental impairment deference. Its a fake defence!,anonymous scribe,1,?,2,
110,WND,Officer makes shocking comment about 5-year-old white boy executed by black man,['2020/08'],584 comments,https://www.wnd.com/2020/08/officer-makes-shocking-comment-5-year-old-white-boy-executed-black-man/,mike radant,"We're already in a race war, stupid. Black on white crime is out of control and of course the (((media))) ignores it, If someone white said this about a black kid, all hell would break out. When the race war comes, it will be everyone against blacks!",I. C. Rhodes,0,0,1,
111,WND,Officer makes shocking comment about 5-year-old white boy executed by black man,['2020/08'],584 comments,https://www.wnd.com/2020/08/officer-makes-shocking-comment-5-year-old-white-boy-executed-black-man/,mike radant,"We really, really need an all out race war to remove this infestation!",,1,3,1,
112,https://www.campusreform.org,Duke prof proposes $12 trillion in reparations....$800k per eligible Black h‚Ä¶,[],37 comments,https://www.campusreform.org/?ID=15473&,mike radant,How about an all out race war to remove the black infestation of the USA!,,1,?,1,
113,WND,"Girl says governor grabbed her butt, governor denies 'disgraceful' claim",['2020/08'],188 comments,https://www.wnd.com/2020/08/girl-says-governor-grabbed-butt-governor-denies-disgraceful-claim/,mike radant,The young woman says she forgot about the incident until she saw Bullock running for the Democratic presidential nomination..............That says it all!,,2,?,0,
114,WND,Hillary blocks unapproved people from commenting on Bill Clinton post,['2020/08'],19 comments,https://www.wnd.com/2020/08/hillary-clinton-blocks-unapproved-people-commenting-bill-clinton-post/,mike radant,"Why bother to block them, Hillary would just have them killed!",,3,?,2,
115,The Hill,Stacey Abrams leads chorus in Dem keynote address,[],174 comments,https://thehill.com/homenews/campaign/512637-stacey-abrams-leads-chorus-in-dem-keynote-address,mike radant,Wow! What a comeback!,jeff bringenberg,0,0,0,
116,The Hill,Stacey Abrams leads chorus in Dem keynote address,[],174 comments,https://thehill.com/homenews/campaign/512637-stacey-abrams-leads-chorus-in-dem-keynote-address,mike radant,If Mike Tyson became a sex change operation and gained 400 lbs...........,,4,?,2,?
117,The Hill,Stacey Abrams leads chorus in Dem keynote address,[],174 comments,https://thehill.com/homenews/campaign/512637-stacey-abrams-leads-chorus-in-dem-keynote-address,mike radant,"Like you did, @sshole!",mediakitty,1,1,2,
118,The Hill,Stacey Abrams leads chorus in Dem keynote address,[],174 comments,https://thehill.com/homenews/campaign/512637-stacey-abrams-leads-chorus-in-dem-keynote-address,mike radant,The only thing that fat ho is running for is the buffet line!,,4,1,2,
119,The Hill,Black women are ambitious ‚Äî that's why we need more in office,[],520 comments,https://thehill.com/opinion/civil-rights/511385-black-women-are-ambitious-thats-why-we-need-more-in-office,mike radant,Hear she's pretty good when she's on her knees!,HA,1,?,2,
120,The Hill,Black women are ambitious ‚Äî that's why we need more in office,[],520 comments,https://thehill.com/opinion/civil-rights/511385-black-women-are-ambitious-thats-why-we-need-more-in-office,mike radant,Sleepy Joe & Kamel Toe In 2020,,0,0,2,
121,The Hill,Clinton tears into Trump over COVID-19 response in convention speech,[],1543 comments,https://thehill.com/homenews/campaign/512635-clinton-tears-into-trump-over-covid-19-response-in-convention-speech,mike radant,Funny Bill Clinton talking about how many were killed!,,1,1,2,
122,The Hill,Clinton tears into Trump over COVID-19 response in convention speech,[],1543 comments,https://thehill.com/homenews/campaign/512635-clinton-tears-into-trump-over-covid-19-response-in-convention-speech,mike radant,Like the female members of your family?,Telford_Taylor,2,?,0,
123,The Hill,Clinton tears into Trump over COVID-19 response in convention speech,[],1543 comments,https://thehill.com/homenews/campaign/512635-clinton-tears-into-trump-over-covid-19-response-in-convention-speech,mike radant,I wonder how many Bill killed on Pedo Island?!?,ü¶† trump* spreads virus ü¶†,1,?,2,
124,The Hill,Clinton tears into Trump over COVID-19 response in convention speech,[],1543 comments,https://thehill.com/homenews/campaign/512635-clinton-tears-into-trump-over-covid-19-response-in-convention-speech,mike radant,Old Rapist Bill has killed more than Corona Virus ever has!,,1,2,2,
125,The Hill,Democrats officially nominate Biden for president,[],4258 comments,https://thehill.com/homenews/campaign/512574-democrats-officially-nominate-biden-for-president,mike radant,Sleepy Joe & Kamel Toe In 2020,,2,1,2,
126,The Hill,Democrats officially nominate Biden for president,[],4258 comments,https://thehill.com/homenews/campaign/512574-democrats-officially-nominate-biden-for-president,mike radant,"It's going to be fun watching Trump win in November and watching the Demo's blow all the capillaries in their tiny brains and the ensuing temper tantrum. Got guns and lots of ammo, and am ready to go BLM/Antifa hunting!",,1,?,1,
127,The Hill,Harris looks to complete Biden path to presidency,[],6600 comments,https://thehill.com/homenews/senate/512011-harris-looks-to-complete-biden-path-to-presidency,mike radant,Dickhead Democrats like you aren't,baffledbyyourignorance,0,0,2,
128,The Hill,Harris looks to complete Biden path to presidency,[],6600 comments,https://thehill.com/homenews/senate/512011-harris-looks-to-complete-biden-path-to-presidency,mike radant,Doesn't have much perspective from her knees!,,1,?,2,
129,The Hill,Harris looks to complete Biden path to presidency,[],6600 comments,https://thehill.com/homenews/senate/512011-harris-looks-to-complete-biden-path-to-presidency,mike radant,"And she will get on her knees to do it, just like she did in California!",,0,0,2,
130,The Hill,Riot declared in Portland,[],2621 comments,https://thehill.com/homenews/state-watch/512233-riot-declared-in-portland,mike radant,"Come to my neck of the country and see if you walk away. Some idiots like you went to Sturgis and the only reason they lived was the cops they insult and defund protected them and took them away. Outside the blue, f#cked up blue, liberal cities, won't survive!We would love to have you visit!",steviethunder9,0,0,2,
131,The Hill,Riot declared in Portland,[],2621 comments,https://thehill.com/homenews/state-watch/512233-riot-declared-in-portland,mike radant,"It has nothing to do with the 1st Amendment, ignorant @sshole. They are criminals, plain and simple. You can call me, and we can arrange to meet! (870) 427-2819",Gordo Oso,0,0,2,
132,The Hill,Riot declared in Portland,[],2621 comments,https://thehill.com/homenews/state-watch/512233-riot-declared-in-portland,mike radant,"(870) 427-2819 Give me a call, bigmouth!",Gordo Oso,0,0,2,
133,The Hill,Riot declared in Portland,[],2621 comments,https://thehill.com/homenews/state-watch/512233-riot-declared-in-portland,mike radant,You seem stupid!,Gordo Oso,0,0,2,
134,The Hill,Riot declared in Portland,[],2621 comments,https://thehill.com/homenews/state-watch/512233-riot-declared-in-portland,mike radant,You seem stupid!,Gordo Oso,0,0,2,
135,The Hill,Riot declared in Portland,[],2621 comments,https://thehill.com/homenews/state-watch/512233-riot-declared-in-portland,mike radant,Where did you get these figures? A comic book. BLM/Antifa are terrorists and criminals and need to be treated as such!,New Tech Investor,9,1,2,
136,The Hill,Riot declared in Portland,[],2621 comments,https://thehill.com/homenews/state-watch/512233-riot-declared-in-portland,mike radant,"LOL! They are criminals that has nothing to do with 1st Amendment rights. Your mom & dad are cousins, aren't they?!?",Gordo Oso,0,0,2,
137,The Hill,Trump 'failure' on COVID-19 will be central message of Biden convention,[],6139 comments,https://thehill.com/homenews/campaign/511851-trump-failure-on-covid-19-will-be-central-message-of-biden-convention,mike radant,Biden can barely remember his name. Even Bath House Barry doubts he will make it in office.,,0,0,2,
138,The Hill,The Space Force moves to define itself and its mission,[],525 comments,https://thehill.com/opinion/technology/512210-the-space-force-moves-to-define-itself-and-its-mission,mike radant,They don't contact us because of their superior intelligence!,Jeff9011,0,0,0,
139,The Hill,The Space Force moves to define itself and its mission,[],525 comments,https://thehill.com/opinion/technology/512210-the-space-force-moves-to-define-itself-and-its-mission,mike radant,"Come on, they have the technology decades ahead of what they release to the public. They have a mission and tech, they're just now revealing it to us.",,0,0,0,
140,The Hill,The Space Force moves to define itself and its mission,[],525 comments,https://thehill.com/opinion/technology/512210-the-space-force-moves-to-define-itself-and-its-mission,mike radant,And the best way to kill BLM/Antifa vermin!,Peter G,1,?,1,
141,The Hill,Clyburn: Trump 'signing a death warrant for a lot of people' with mail-in voting o‚Ä¶,[],1322 comments,https://thehill.com/homenews/house/512207-clyburn-trump-signing-a-death-warrant-for-a-lot-of-people-with-mail-in-voting,mike radant,Another nig liar!,,0,0,1,
142,The Hill,Clyburn: Trump 'signing a death warrant for a lot of people' with mail-in voting o‚Ä¶,[],1322 comments,https://thehill.com/homenews/house/512207-clyburn-trump-signing-a-death-warrant-for-a-lot-of-people-with-mail-in-voting,mike radant,Like your mom!,Fluke Slayer,0,0,2,
143,The Hill,November will decide the fate of economic bailouts in blue states,[],1142 comments,https://thehill.com/opinion/campaign/512256-november-will-decide-the-fate-of-economic-bailouts-in-blue-states,mike radant,"No, a good indicator is how many blowjobs your wife and mom give!",King Con Trump,0,0,2,
144,The Hill,November will decide the fate of economic bailouts in blue states,[],1142 comments,https://thehill.com/opinion/campaign/512256-november-will-decide-the-fate-of-economic-bailouts-in-blue-states,mike radant,"Trump didn't F it up, the commie governor and retard mayor did. NYC is getting what it deserves, just like California!",Deep State,0,0,2,
145,The Hill,November will decide the fate of economic bailouts in blue states,[],1142 comments,https://thehill.com/opinion/campaign/512256-november-will-decide-the-fate-of-economic-bailouts-in-blue-states,mike radant,"Not anymore, $hithead!",Horace Rumpole the III,0,0,2,
146,The Hill,November will decide the fate of economic bailouts in blue states,[],1142 comments,https://thehill.com/opinion/campaign/512256-november-will-decide-the-fate-of-economic-bailouts-in-blue-states,mike radant,"The Appalachians are beautiful areas, you'd be surprised how many people retire there for the low cost of living and to get away from know-it-all $hitheads like you!",chetgunkle,0,0,2,
147,The Hill,November will decide the fate of economic bailouts in blue states,[],1142 comments,https://thehill.com/opinion/campaign/512256-november-will-decide-the-fate-of-economic-bailouts-in-blue-states,mike radant,"Liberals and Democrats are imbeciles,anyway!",E. T.  Bass,0,0,2,
148,The Hill,November will decide the fate of economic bailouts in blue states,[],1142 comments,https://thehill.com/opinion/campaign/512256-november-will-decide-the-fate-of-economic-bailouts-in-blue-states,mike radant,Not parasites like Democrats!,Appellation,0,0,2,
149,The Hill,November will decide the fate of economic bailouts in blue states,[],1142 comments,https://thehill.com/opinion/campaign/512256-november-will-decide-the-fate-of-economic-bailouts-in-blue-states,mike radant,You should hunt them down and shoot them like the liberal vermin they are!,ykm,0,0,1,
150,The Hill,November will decide the fate of economic bailouts in blue states,[],1142 comments,https://thehill.com/opinion/campaign/512256-november-will-decide-the-fate-of-economic-bailouts-in-blue-states,mike radant,SoCal needs at least a 9.5 earthquake!,Seymour,2,?,1,
151,The Hill,November will decide the fate of economic bailouts in blue states,[],1142 comments,https://thehill.com/opinion/campaign/512256-november-will-decide-the-fate-of-economic-bailouts-in-blue-states,mike radant,I just hate California vermin!,Eteamer,0,0,2,
152,The Hill,November will decide the fate of economic bailouts in blue states,[],1142 comments,https://thehill.com/opinion/campaign/512256-november-will-decide-the-fate-of-economic-bailouts-in-blue-states,mike radant,Let them crash and burn!,,0,0,2,
153,The Hill,South Dakota declines unemployment aid from Trump executive orders,[],1729 comments,https://thehill.com/homenews/state-watch/512177-south-dakota-declines-unemployment-aid-from-trump-executive-orders,mike radant,Are you really that stupid or do you take lessons?!?,mountainlady,0,0,2,
154,The Hill,Eyes turn to Ocasio-Cortez as she seeks to boost Biden,[],10228 comments,https://thehill.com/homenews/house/511844-eyes-turn-to-ocasio-cortez-as-she-seeks-to-boost-biden,mike radant,"It's what your mom does for a living, too!",It'sNot1950,0,0,2,
155,The Hill,Eyes turn to Ocasio-Cortez as she seeks to boost Biden,[],10228 comments,https://thehill.com/homenews/house/511844-eyes-turn-to-ocasio-cortez-as-she-seeks-to-boost-biden,mike radant,"More like the stupidity of New Yorkers, they elected and reelected DeBlaBla!",bb,1,?,2,
156,The Hill,Eyes turn to Ocasio-Cortez as she seeks to boost Biden,[],10228 comments,https://thehill.com/homenews/house/511844-eyes-turn-to-ocasio-cortez-as-she-seeks-to-boost-biden,mike radant,She got where she is by doing a Kamala on her knees!,Tacoma Joe,2,?,2,
157,The Hill,Eyes turn to Ocasio-Cortez as she seeks to boost Biden,[],10228 comments,https://thehill.com/homenews/house/511844-eyes-turn-to-ocasio-cortez-as-she-seeks-to-boost-biden,mike radant,"LOL! Yeah, Irv. I doubt you're married and probably work at McDonalds, if you work at all!",irv d,1,?,2,
158,The Hill,Eyes turn to Ocasio-Cortez as she seeks to boost Biden,[],10228 comments,https://thehill.com/homenews/house/511844-eyes-turn-to-ocasio-cortez-as-she-seeks-to-boost-biden,mike radant,This country is in trouble!,Tacoma Joe,3,?,0,
159,The Hill,Eyes turn to Ocasio-Cortez as she seeks to boost Biden,[],10228 comments,https://thehill.com/homenews/house/511844-eyes-turn-to-ocasio-cortez-as-she-seeks-to-boost-biden,mike radant,"Hell, they reelected the idiot mayor who is destroying the city. Why not reelect that airhead Occasional-Cortex?!?",FreedomsKrieg,1,?,2,
160,The Hill,Eyes turn to Ocasio-Cortez as she seeks to boost Biden,[],10228 comments,https://thehill.com/homenews/house/511844-eyes-turn-to-ocasio-cortez-as-she-seeks-to-boost-biden,mike radant,You should know!,It'sNot1950,0,0,0,
161,The Hill,Eyes turn to Ocasio-Cortez as she seeks to boost Biden,[],10228 comments,https://thehill.com/homenews/house/511844-eyes-turn-to-ocasio-cortez-as-she-seeks-to-boost-biden,mike radant,She fills out her sweater pretty well!,Pump and Trump,0,0,0,
162,The Hill,Eyes turn to Ocasio-Cortez as she seeks to boost Biden,[],10228 comments,https://thehill.com/homenews/house/511844-eyes-turn-to-ocasio-cortez-as-she-seeks-to-boost-biden,mike radant,"When my grandfather was alive, he voted the straight Republican ticket. No that he's dead, he votes the straight Democrat ticket!",,0,0,2,
163,The Hill,Eyes turn to Ocasio-Cortez as she seeks to boost Biden,[],10228 comments,https://thehill.com/homenews/house/511844-eyes-turn-to-ocasio-cortez-as-she-seeks-to-boost-biden,mike radant,Sleepy Joe & Camel-Toe in 2020!,,0,0,2,
164,The Hill,Eyes turn to Ocasio-Cortez as she seeks to boost Biden,[],10228 comments,https://thehill.com/homenews/house/511844-eyes-turn-to-ocasio-cortez-as-she-seeks-to-boost-biden,mike radant,She got into office the same way Camel-Toe did!,,1,?,2,
165,The Hill,Eyes turn to Ocasio-Cortez as she seeks to boost Biden,[],10228 comments,https://thehill.com/homenews/house/511844-eyes-turn-to-ocasio-cortez-as-she-seeks-to-boost-biden,mike radant,"Hey, Irv. Your parents are related, aren't they!",irv d,0,0,2,
166,The Hill,Eyes turn to Ocasio-Cortez as she seeks to boost Biden,[],10228 comments,https://thehill.com/homenews/house/511844-eyes-turn-to-ocasio-cortez-as-she-seeks-to-boost-biden,mike radant,I'd hate to be the dentist who has to work on those horse teeth!,,0,0,2,
167,The Hill,Taylor Swift: Trump's 'calculated dismantling' of USPS proves he's trying t‚Ä¶,[],2933 comments,https://thehill.com/homenews/administration/512172-taylor-swift-trumps-calculated-dismantling-of-usps-proves-hes-trying,mike radant,It may seem that way from your mom's basement!,Ted B. Davis,0,0,2,
168,The Hill,Taylor Swift: Trump's 'calculated dismantling' of USPS proves he's trying t‚Ä¶,[],2933 comments,https://thehill.com/homenews/administration/512172-taylor-swift-trumps-calculated-dismantling-of-usps-proves-hes-trying,mike radant,"Yes, it's secure as Hillary's emails!",Rebel Yeller,0,0,0,
169,The Hill,Taylor Swift: Trump's 'calculated dismantling' of USPS proves he's trying t‚Ä¶,[],2933 comments,https://thehill.com/homenews/administration/512172-taylor-swift-trumps-calculated-dismantling-of-usps-proves-hes-trying,mike radant,"She should shut up and sing, the hell with celebrities who use their fame to try to influence people. She's just a stupid singer!",,0,0,2,